NOTE: Copyright (c) 2025 by SAS Institute Inc., Cary, NC, USA.
NOTE: SAS (r) Proprietary Software 9.4 (TS1M9)
      Licensed to EAS DESKTOP  T&R, Site 70344171.
NOTE: This session is executing on the X64_10PRO  platform.



NOTE: Analytical products:

      SAS/STAT 15.4
      SAS/ETS 15.4
      SAS/OR 15.4
      SAS/IML 15.4
      SAS/QC 15.4

NOTE: Additional host information:

 X64_10PRO WIN 10.0.17763  Workstation

NOTE: SAS initialization used:
      real time           8.23 seconds
      cpu time            1.45 seconds

1
2    libname rawdata "F:\Users\Wyatt003\BPH_nephrolithiasis\SAS";
NOTE: Libref RAWDATA refers to the same physical library as TMP1.
NOTE: Libref RAWDATA was successfully assigned as follows:
      Engine:        V9
      Physical Name: F:\Users\Wyatt003\BPH_nephrolithiasis\SAS
3    libname output "F:\Users\Wyatt003\BPH_nephrolithiasis\Output";
NOTE: Libref OUTPUT was successfully assigned as follows:
      Engine:        V9
      Physical Name: F:\Users\Wyatt003\BPH_nephrolithiasis\Output
4    libname codelist "F:\Users\Wyatt003\BPH_nephrolithiasis\Drug_Codelists";
NOTE: Libref CODELIST was successfully assigned as follows:
      Engine:        V9
      Physical Name: F:\Users\Wyatt003\BPH_nephrolithiasis\Drug_Codelists
5
6    options fullstimer; /* Display detailed resource usage info in log */
7
8
9    ************************************** BPH COHORT ****************************************;
10   %macro drugdata(in =, out=);
11
12   /**************************************************************************/
13   /* STEP 1: Extract BPH drug records for the current drugissue file        */
14   /**************************************************************************/
15
16   *** Identify tamsulosin and comparator drug records;
17
18   %macro product (var=, atccode =, drugfile =);
19   proc sql;
20       CREATE TABLE codelist.&var._codes AS
21       SELECT *
22       FROM rawdata.product_aurum_atc
23       WHERE ATC LIKE &atccode;
24   quit;
25
26
27   proc sql;
28       CREATE TABLE output.&var._drugs AS
29       SELECT r.patid,
30              r.issuedate,
31              r.dosageid,
32              r.quantity,
33              r.duration,
34              r.prodcodeid,
35              c.atc,
36              c.strength
37       FROM &drugfile as r
38   inner join codelist.&var._codes as c on strip(c.prodcodeid) = strip(r.prodcodeid);
39   quit;
40
41
42   %mend product;
43
44   %product (var=tamsulosin, atccode = 'G04CA02', drugfile = &in);
45
46   %product (var=finasteride_mono1, atccode = 'G04CB01', drugfile = &in);
47   %product (var=finasteride_mono2, atccode = 'D11AX10', drugfile = &in);
48   %product (var=finasteride_poly1, atccode = 'G04CB51', drugfile = &in);
49   %product (var=finasteride_poly2, atccode = 'G04CA55', drugfile = &in);
50
51   %product (var=alfuzosin, atccode = 'G04CA01', drugfile = &in);
52
53   %product (var=alfu_fini, atccode = 'G04CA51', drugfile = &in);
54
55
56
57
58
59   *** append drugs records for all drugs and create numeric exposure variable;
60
61   data appended_drugs;
62   set output.tamsulosin_drugs (in = a) output.alfuzosin_drugs (in=b)
62 ! output.finasteride_mono1_drugs (in=c)
63   output.finasteride_mono2_drugs (in=d) output.finisteride_poly1_drugs (in = e)
63 ! output.finisteride_poly2_drugs (in = f) output.alfu_fini_drugs (in = g)*/;
64   if a then exposure = 0;
65   else if b then exposure = 1;
66   else if c or d or e or f then exposure = 2;
67   else if g then exposure = 99 ;
68   run;
69
70   data appended_drugs_2;
71   set appended_drugs;
72   where exposure ne 99;
73   run;
74
75   *** find mg value ;
76
77   data output.bph_drugs;
78       set appended_drugs_2;
79       length unit_found $20;
80
81       if not missing(strength) then do;
82           /* First number in the string (handles decimals) */
83           mg_value = input(scan(strength, 1,
83 ! 'abcdefghijklmnopqrstuvwxyzABCDEFGHIJKLMNOPQRSTUVWXYZ/'), best12.);
84
85           /* First unit word: letters immediately after the first number */
86           unit_found = scan(compress(strength, '0123456789. '), 1, '/');
87
88           /* Convert everything to mg */
89           if lowcase(unit_found) in ('microgram', 'micrograms', 'mcg') then mg_value = mg_value
89 !  / 1000;
90           else if lowcase(unit_found) in ('gram', 'g') then mg_value = mg_value * 1000;
91           /* mg stays as-is */
92       end;
93
94       drop unit_found;
95   run;
96
97   /* HOW MANY PATIENTS */
98   proc sql;
99   select count(distinct patid) as "Step 1: bph drugs"n
100  from output.bph_drugs;
101  quit;
102
103
104  /****************************************************************************/
105  /* STEP 2: Generate treatment duration and mean daily dose in mg from common dosages file.*/
106  /****************************************************************************/
107
108  *** Import common_dosages file to extract daily dose variable;
109
110  proc sort data = codelist.common_dosages_aurum_dec2025;
111  by dosageid;
112  run;
113
114  proc sort data = output.bph_drugs;
115  by dosageid;
116  run;
117
118  data bph_dosages;
119  merge codelist.common_dosages_aurum_dec2025 (in=a) output.bph_drugs (in=b);
120  by dosageid;
121  if b;
122  run;
123
124  proc univariate data=bph_dosages;
125      var daily_dose;
126  run;
127
128  proc univariate data=bph_dosages;
129      var quantity;
130  run;
131
132  proc univariate data=bph_dosages;
133      var duration;
134  run;
135
136  *** calculate means daily dose;
137
138  data bph_dosages_mg;
139  set bph_dosages;
140  if daily_dose > 0 then mean_daily_dose = mg_value*daily_dose;
141  else mean_daily_dose = mg_value;
142  run;
143
144  *** Algorithm to determine reasonable assumed duration per prescription;
145  *** borrowed from ADEPT script with permission from Magdalena Gamba *;
146
147  data bph_tam_cleaning;
148  set bph_dosages_mg;
149  if daily_dose > 5 or daily_dose = . then daily_dose = 1;
150  if daily_dose = 0 then daily_dose = 0.5;
151  if quantity > 90 then quantity = 90;
152  if quantity > 0 and quantity ne . then assumed_duration = quantity/daily_dose;
153  if assumed_duration = . and duration ne . and duration > 0 and duration < 90 then
153! assumed_duration = duration;
154  if assumed_duration = . or assumed_duration < 1 then assumed_duration = 30;
155  run;
156
157  proc univariate data=bph_tam_cleaning;
158      var assumed_duration;
159  run;
160
161
162
163  /****************************************************************************/
164  /* STEP 3: Join with base_cohort so only patients in our main cohort remain.*/
165  /****************************************************************************/
166
167  *** Join cleaned prescription records with base cohort;
168
169  PROC SQL;
170  CREATE TABLE bph_tam AS
171      SELECT T.patid,
172  T.issuedate,
173  T.exposure,
174  T.atc,
175  T.dosageid,
176  T.quantity,
177  T.assumed_duration,
178  T.prodcodeid,
179  T.mg_value,
180  BC.regstartdate,
181  BC.baseline_dt
182      FROM bph_tam_cleaning AS T
183      INNER JOIN output.linked_bph_cohort AS BC ON BC.patid = T.patid
184  ORDER BY T.assumed_duration, T.patid, T.issuedate;
185  quit;
186
187
188
189  /* HOW MANY PATIENTS */
190  /* losing about 30 thousand*/
191  proc sql;
192  select count(distinct patid) as "Step 3: bphtam join to base"n
193  from bph_tam
194  quit;
195
196  /**************************************************************************/
197  /* STEP 4: Exclude 'PrevalentUsers'                                       */
198  /**************************************************************************/
199  /* 'Prevalent users' are those who had a drug prescription 1 year before   */
200  /* their baseline date. We identify them by comparing issue date with the  */
201  /* bph_dt in base_cohort. */
202  /* second step removes identified prevalent users from main dataset */
203
204  *** identify prevalent users;
205
206  proc sql;
207      create table PrevalentUsers as
208      select distinct patid
209      from bph_tam
210      where issuedate between intnx('year', baseline_dt, -1, 'same') and baseline_dt - 1;
211  quit;
212
213  /* HOW MANY PATIENTS */
214  proc sql;
215  select count(distinct patid) as "Step 4: prevalent user #"n
216  from PrevalentUsers
217  quit;
218
219
220  ***  We remove those in PrevalentUsers.;
221  ***  We only keep prescriptions dated on or after baseline.;
222
223  proc sql;
224      create table output.Rx_bph_PostStart as
225      select *
226      from bph_tam b
227      where not exists (
228          select 1
229          from PrevalentUsers p
230          where p.patid = b.patid
231          )
232      and issuedate >= baseline_dt
233      ;
234  quit;
235
236  /* HOW MANY PATIENTS */
237  proc sql;
238  select count(distinct patid) as "Step 4: removing prevalent users"n
239  from output.Rx_bph_PostStart
240  quit;
241
242
243  /**************************************************************************/
244  /* STEP 5: Identify earliest prescription date for each patient and exclude multi-drug
244! initiators         */
245  /**************************************************************************/
246  /* Finds the minimum (earliest) eventdate among the valid prescriptions.  */
247
248  proc sql;
249      create table output.BphEarliestDate as
250      select patid,
251             min(issuedate) as indexdate format = ddmmyy10.
252      from output.Rx_bph_PostStart
253      group by patid;
254  quit;
255
256
257  /* 1) We only keep rows where issuedate = indexdate.               */
258  /* 2) We call this 'EarliestRxAll'.                                       */
259  /* 3) If multiple rows share the same earliest date for a patient, we     */
260  /*    handle that in the subsequent step.                                 */
261  /* the earliest Rx will be used for cleaning in the subsequent steps, but then all records
261! will
262  be rejoined in the final step for creation of treatment episodes */
263
264  *** includes 2 multi-drug initiators;
265
266  proc sql;
267      create table output.EarliestRxBphAll as
268      select p.patid,
269             p.issuedate,
270             p.assumed_duration,
271             p.prodcodeid,
272             p.baseline_dt,
273             e.indexdate,
274             p.regstartdate,
275             p.exposure,
276             p.atc
277      from output.BphEarliestDate as e
278          left join output.Rx_bph_PostStart as p
279          on p.patid = e.patid
280  where p.issuedate = e.indexdate;
281  quit;
282
283
284  /*HOW MANY PATIENTS*/
285  proc sql;
286  select count(distinct patid) as "Step 5: First issue date"n
287  from output.EarliestRxBphAll
288  quit;
289
290  *** excluding multi-drug initiators;
291
292  proc sql;
293      create table ExcludeMulti as
294      select patid
295      from output.EarliestRxBphAll
296      group by patid
297      having count(distinct exposure) > 1  /* More than 1 unique exposure => Exclude */
298      ;
299  quit;
300
301  proc sql;
302      create table EarliestRxBph_Filtered as
303      select *
304      from output.EarliestRxBphAll
305      where patid not in (select patid from ExcludeMulti);
306  quit;
307
308
309  /**************************************************************************/
310  /* STEP 6: Exclude if run-in period is less than 365 days              */
311  /**************************************************************************/
312
313  PROC SQL;
314  create table EarliestRxBph_Filtered AS
315  select *
316  from EarliestRxBph_Filtered
317  having indexdate - regstartdate > 365;
318  quit;
319
320  /*HOW MANY PATIENTS*/
321  proc sql;
322  select count(distinct patid) as "Step 7: Washout exclusions"n
323  from EarliestRxBph_Filtered
324  quit;
325
326  **********;
327  /*
328  /**************************************************************************/
329  /* STEP 7: Exclude if subarachnoid hemorrhage (aSAH) occurred before Rx   */
330  /* (COMMENTED OUT until HES APC linkage is incorporated )                      */
331  /**************************************************************************/
332  /* If a patient's first aSAH date (HOSP ONLY) is before earliest Rx, we drop them.    */
333  /* NOTE: DO NOT RUN UNTIL HES APC LINKAGE */
334  /* NOTE: Jos's version requires both hospital and gp data so I have written new script myself
334!  for the timebeing*/
335
336  *proc sql;
337  *CREATE TABLE EarliestRx_aSah_Exclusion AS
338  SELECT d1.* , d2.patid, d2.aSAH_gp_dt
339  FROM EarliestRx_washout as d1
340  INNER JOIN output.linked_bph_cohort as d2
341  ON d1.patid = d2.patid
342      WHERE d2.aSAH_gp_dt > indexdate or d2.aSAH_gp_dt is NULL;
343  *quit;
344
345  /*HOW MANY PATIENTS*/
346  *proc sql;
347  *select count(distinct patid) as "Step 8: prior aSAH"n
348  from EarliestRx_aSah_Exclusion
349  quit;
350
351
352  /**************************************************************************/
353  /* STEP 8: Retrieiving all treatment episodes from patients with exclusion criteria specified
353!  in steps 5 & 6   */
354  /**************************************************************************/
355
356  /* FINAL PRODUCT */
357
358  proc sql;
359  create table &out as
360  select r.*
361  from EarliestRxBph_Filtered as f
362  left outer join output.Rx_bph_PostStart as r
363  on f.patid = r.patid;
364  quit;
365
366  %mend;

367
368  %drugdata(in=rawdata.drugissue_1, out=output.bphdrugatc_1)
NOTE: Table CODELIST.TAMSULOSIN_CODES created, with 26 rows and 12 columns.

NOTE: PROCEDURE SQL used (Total process time):
      real time           1.08 seconds
      user cpu time       0.04 seconds
      system cpu time     0.04 seconds
      memory              5629.92k
      OS Memory           26604.00k
      Timestamp           07/14/2026 08:58:38 AM
      Step Count                        1  Switch Count  0


NOTE: Table OUTPUT.TAMSULOSIN_DRUGS created, with 4990798 rows and 8 columns.

NOTE: PROCEDURE SQL used (Total process time):
      real time           2:02.74
      user cpu time       27.32 seconds
      system cpu time     7.00 seconds
      memory              5660.81k
      OS Memory           27640.00k
      Timestamp           07/14/2026 09:00:41 AM
      Step Count                        2  Switch Count  0


NOTE: Table CODELIST.FINASTERIDE_MONO1_CODES created, with 3 rows and 12 columns.

NOTE: PROCEDURE SQL used (Total process time):
      real time           0.38 seconds
      user cpu time       0.00 seconds
      system cpu time     0.04 seconds
      memory              5493.98k
      OS Memory           27896.00k
      Timestamp           07/14/2026 09:00:41 AM
      Step Count                        3  Switch Count  0


NOTE: Table OUTPUT.FINASTERIDE_MONO1_DRUGS created, with 2986889 rows and 8 columns.

NOTE: PROCEDURE SQL used (Total process time):
      real time           1:57.01
      user cpu time       26.81 seconds
      system cpu time     6.57 seconds
      memory              5648.85k
      OS Memory           27896.00k
      Timestamp           07/14/2026 09:02:38 AM
      Step Count                        4  Switch Count  0


NOTE: Table CODELIST.FINASTERIDE_MONO2_CODES created, with 3 rows and 12 columns.

NOTE: PROCEDURE SQL used (Total process time):
      real time           0.38 seconds
      user cpu time       0.01 seconds
      system cpu time     0.03 seconds
      memory              5493.98k
      OS Memory           27896.00k
      Timestamp           07/14/2026 09:02:39 AM
      Step Count                        5  Switch Count  0


NOTE: Table OUTPUT.FINASTERIDE_MONO2_DRUGS created, with 1963 rows and 8 columns.

NOTE: PROCEDURE SQL used (Total process time):
      real time           1:59.83
      user cpu time       27.32 seconds
      system cpu time     7.37 seconds
      memory              5648.85k
      OS Memory           27896.00k
      Timestamp           07/14/2026 09:04:39 AM
      Step Count                        6  Switch Count  0


NOTE: Table CODELIST.FINASTERIDE_POLY1_CODES created, with 0 rows and 12 columns.

NOTE: PROCEDURE SQL used (Total process time):
      real time           0.38 seconds
      user cpu time       0.00 seconds
      system cpu time     0.01 seconds
      memory              5493.98k
      OS Memory           27896.00k
      Timestamp           07/14/2026 09:04:39 AM
      Step Count                        7  Switch Count  0


NOTE: Table OUTPUT.FINASTERIDE_POLY1_DRUGS created, with 0 rows and 8 columns.

NOTE: PROCEDURE SQL used (Total process time):
      real time           0.07 seconds
      user cpu time       0.00 seconds
      system cpu time     0.03 seconds
      memory              5648.85k
      OS Memory           27896.00k
      Timestamp           07/14/2026 09:04:39 AM
      Step Count                        8  Switch Count  0


NOTE: Table CODELIST.FINASTERIDE_POLY2_CODES created, with 0 rows and 12 columns.

NOTE: PROCEDURE SQL used (Total process time):
      real time           0.07 seconds
      user cpu time       0.01 seconds
      system cpu time     0.01 seconds
      memory              5493.98k
      OS Memory           27896.00k
      Timestamp           07/14/2026 09:04:39 AM
      Step Count                        9  Switch Count  0


NOTE: Table OUTPUT.FINASTERIDE_POLY2_DRUGS created, with 0 rows and 8 columns.

NOTE: PROCEDURE SQL used (Total process time):
      real time           0.07 seconds
      user cpu time       0.00 seconds
      system cpu time     0.01 seconds
      memory              5648.85k
      OS Memory           27896.00k
      Timestamp           07/14/2026 09:04:39 AM
      Step Count                        10  Switch Count  0


NOTE: Table CODELIST.ALFUZOSIN_CODES created, with 12 rows and 12 columns.

NOTE: PROCEDURE SQL used (Total process time):
      real time           0.09 seconds
      user cpu time       0.01 seconds
      system cpu time     0.04 seconds
      memory              5493.98k
      OS Memory           27896.00k
      Timestamp           07/14/2026 09:04:39 AM
      Step Count                        11  Switch Count  0


NOTE: Table OUTPUT.ALFUZOSIN_DRUGS created, with 529605 rows and 8 columns.

NOTE: PROCEDURE SQL used (Total process time):
      real time           1:59.08
      user cpu time       27.53 seconds
      system cpu time     7.62 seconds
      memory              5648.85k
      OS Memory           27896.00k
      Timestamp           07/14/2026 09:06:39 AM
      Step Count                        12  Switch Count  0


NOTE: Table CODELIST.ALFU_FINI_CODES created, with 0 rows and 12 columns.

NOTE: PROCEDURE SQL used (Total process time):
      real time           0.42 seconds
      user cpu time       0.03 seconds
      system cpu time     0.04 seconds
      memory              5493.98k
      OS Memory           27896.00k
      Timestamp           07/14/2026 09:06:39 AM
      Step Count                        13  Switch Count  0


NOTE: Table OUTPUT.ALFU_FINI_DRUGS created, with 0 rows and 8 columns.

NOTE: PROCEDURE SQL used (Total process time):
      real time           0.07 seconds
      user cpu time       0.00 seconds
      system cpu time     0.01 seconds
      memory              5648.85k
      OS Memory           27896.00k
      Timestamp           07/14/2026 09:06:39 AM
      Step Count                        14  Switch Count  0


NOTE: Line generated by the invoked macro "DRUGDATA".
7     output.finasteride_mono1_drugs (in=c) output.finasteride_mono2_drugs (in=d)
7  ! output.finisteride_poly1_drugs (in = e) output.finisteride_poly2_drugs (in = f)
7  ! output.alfu_fini_drugs (in = g)*/; if a then exposure = 0; else if b then exposure = 1; else
                                    --
                                    22
                                    200
7  ! if c
ERROR: File OUTPUT.FINISTERIDE_POLY1_DRUGS.DATA does not exist.
ERROR: File OUTPUT.FINISTERIDE_POLY2_DRUGS.DATA does not exist.

ERROR 22-322: Syntax error, expecting one of the following: a name, a quoted string, ;, CUROBS,
              END, INDSNAME, KEY, KEYRESET, KEYS, NOBS, OPEN, POINT, _DATA_, _LAST_, _NULL_.

ERROR 200-322: The symbol is not recognized and will be ignored.

NOTE: The SAS System stopped processing this step because of errors.
WARNING: The data set WORK.APPENDED_DRUGS may be incomplete.  When this step was stopped there
         were 0 observations and 9 variables.
NOTE: DATA statement used (Total process time):
      real time           0.31 seconds
      user cpu time       0.01 seconds
      system cpu time     0.01 seconds
      memory              1715.26k
      OS Memory           23800.00k
      Timestamp           07/14/2026 09:06:39 AM
      Step Count                        15  Switch Count  0




NOTE: There were 0 observations read from the data set WORK.APPENDED_DRUGS.
      WHERE exposure not = 99;
NOTE: The data set WORK.APPENDED_DRUGS_2 has 0 observations and 9 variables.
NOTE: DATA statement used (Total process time):
      real time           0.04 seconds
      user cpu time       0.00 seconds
      system cpu time     0.00 seconds
      memory              569.92k
      OS Memory           23544.00k
      Timestamp           07/14/2026 09:06:39 AM
      Step Count                        16  Switch Count  0



NOTE: There were 0 observations read from the data set WORK.APPENDED_DRUGS_2.
NOTE: The data set OUTPUT.BPH_DRUGS has 0 observations and 10 variables.
NOTE: DATA statement used (Total process time):
      real time           0.05 seconds
      user cpu time       0.00 seconds
      system cpu time     0.01 seconds
      memory              585.03k
      OS Memory           23544.00k
      Timestamp           07/14/2026 09:06:40 AM
      Step Count                        17  Switch Count  0


NOTE: Writing HTML Body file: sashtml.htm
NOTE: PROCEDURE SQL used (Total process time):
      real time           2.26 seconds
      user cpu time       0.37 seconds
      system cpu time     0.26 seconds
      memory              7171.56k
      OS Memory           28920.00k
      Timestamp           07/14/2026 09:06:42 AM
      Step Count                        18  Switch Count  0



NOTE: Input data set is already sorted, no sorting done.
NOTE: PROCEDURE SORT used (Total process time):
      real time           0.08 seconds
      user cpu time       0.00 seconds
      system cpu time     0.00 seconds
      memory              342.10k
      OS Memory           28920.00k
      Timestamp           07/14/2026 09:06:42 AM
      Step Count                        19  Switch Count  0



NOTE: Input data set is empty.
NOTE: The data set OUTPUT.BPH_DRUGS has 0 observations and 10 variables.
NOTE: PROCEDURE SORT used (Total process time):
      real time           0.03 seconds
      user cpu time       0.00 seconds
      system cpu time     0.00 seconds
      memory              440.23k
      OS Memory           28920.00k
      Timestamp           07/14/2026 09:06:42 AM
      Step Count                        20  Switch Count  0



NOTE: There were 139672 observations read from the data set CODELIST.COMMON_DOSAGES_AURUM_DEC2025.
NOTE: There were 0 observations read from the data set OUTPUT.BPH_DRUGS.
NOTE: The data set WORK.BPH_DOSAGES has 0 observations and 20 variables.
NOTE: DATA statement used (Total process time):
      real time           0.19 seconds
      user cpu time       0.00 seconds
      system cpu time     0.01 seconds
      memory              989.15k
      OS Memory           28920.00k
      Timestamp           07/14/2026 09:06:42 AM
      Step Count                        21  Switch Count  0



NOTE: No observations in data set WORK.BPH_DOSAGES.
NOTE: PROCEDURE UNIVARIATE used (Total process time):
      real time           0.01 seconds
      user cpu time       0.00 seconds
      system cpu time     0.00 seconds
      memory              401.71k
      OS Memory           28920.00k
      Timestamp           07/14/2026 09:06:42 AM
      Step Count                        22  Switch Count  0



NOTE: No observations in data set WORK.BPH_DOSAGES.
NOTE: PROCEDURE UNIVARIATE used (Total process time):
      real time           0.00 seconds
      user cpu time       0.00 seconds
      system cpu time     0.00 seconds
      memory              323.85k
      OS Memory           28920.00k
      Timestamp           07/14/2026 09:06:42 AM
      Step Count                        23  Switch Count  0



NOTE: No observations in data set WORK.BPH_DOSAGES.
NOTE: PROCEDURE UNIVARIATE used (Total process time):
      real time           0.00 seconds
      user cpu time       0.00 seconds
      system cpu time     0.00 seconds
      memory              323.85k
      OS Memory           28920.00k
      Timestamp           07/14/2026 09:06:42 AM
      Step Count                        24  Switch Count  0



NOTE: There were 0 observations read from the data set WORK.BPH_DOSAGES.
NOTE: The data set WORK.BPH_DOSAGES_MG has 0 observations and 21 variables.
NOTE: DATA statement used (Total process time):
      real time           0.01 seconds
      user cpu time       0.00 seconds
      system cpu time     0.01 seconds
      memory              582.78k
      OS Memory           28920.00k
      Timestamp           07/14/2026 09:06:42 AM
      Step Count                        25  Switch Count  0



NOTE: There were 0 observations read from the data set WORK.BPH_DOSAGES_MG.
NOTE: The data set WORK.BPH_TAM_CLEANING has 0 observations and 22 variables.
NOTE: DATA statement used (Total process time):
      real time           0.01 seconds
      user cpu time       0.00 seconds
      system cpu time     0.01 seconds
      memory              589.34k
      OS Memory           28920.00k
      Timestamp           07/14/2026 09:06:42 AM
      Step Count                        26  Switch Count  0



NOTE: No observations in data set WORK.BPH_TAM_CLEANING.
NOTE: PROCEDURE UNIVARIATE used (Total process time):
      real time           0.00 seconds
      user cpu time       0.00 seconds
      system cpu time     0.00 seconds
      memory              324.17k
      OS Memory           28920.00k
      Timestamp           07/14/2026 09:06:42 AM
      Step Count                        27  Switch Count  0


NOTE: Table WORK.BPH_TAM created, with 0 rows and 11 columns.

NOTE: PROCEDURE SQL used (Total process time):
      real time           0.12 seconds
      user cpu time       0.00 seconds
      system cpu time     0.01 seconds
      memory              8756.29k
      OS Memory           36580.00k
      Timestamp           07/14/2026 09:06:42 AM
      Step Count                        28  Switch Count  0


NOTE: PROCEDURE SQL used (Total process time):
      real time           0.02 seconds
      user cpu time       0.01 seconds
      system cpu time     0.01 seconds
      memory              5343.25k
      OS Memory           35068.00k
      Timestamp           07/14/2026 09:06:42 AM
      Step Count                        29  Switch Count  0


NOTE: Table WORK.PREVALENTUSERS created, with 0 rows and 1 columns.

NOTE: PROCEDURE SQL used (Total process time):
      real time           0.01 seconds
      user cpu time       0.00 seconds
      system cpu time     0.01 seconds
      memory              5366.28k
      OS Memory           35068.00k
      Timestamp           07/14/2026 09:06:43 AM
      Step Count                        30  Switch Count  0


NOTE: PROCEDURE SQL used (Total process time):
      real time           0.02 seconds
      user cpu time       0.00 seconds
      system cpu time     0.01 seconds
      memory              5338.96k
      OS Memory           35068.00k
      Timestamp           07/14/2026 09:06:43 AM
      Step Count                        31  Switch Count  0


NOTE: Table OUTPUT.RX_BPH_POSTSTART created, with 0 rows and 11 columns.

NOTE: PROCEDURE SQL used (Total process time):
      real time           0.06 seconds
      user cpu time       0.01 seconds
      system cpu time     0.00 seconds
      memory              5522.85k
      OS Memory           35068.00k
      Timestamp           07/14/2026 09:06:43 AM
      Step Count                        32  Switch Count  0


NOTE: PROCEDURE SQL used (Total process time):
      real time           0.02 seconds
      user cpu time       0.01 seconds
      system cpu time     0.00 seconds
      memory              5343.26k
      OS Memory           35068.00k
      Timestamp           07/14/2026 09:06:43 AM
      Step Count                        33  Switch Count  0


NOTE: Table OUTPUT.BPHEARLIESTDATE created, with 0 rows and 2 columns.

NOTE: PROCEDURE SQL used (Total process time):
      real time           0.05 seconds
      user cpu time       0.01 seconds
      system cpu time     0.00 seconds
      memory              5444.28k
      OS Memory           35068.00k
      Timestamp           07/14/2026 09:06:43 AM
      Step Count                        34  Switch Count  0


NOTE: Table OUTPUT.EARLIESTRXBPHALL created, with 0 rows and 9 columns.

NOTE: PROCEDURE SQL used (Total process time):
      real time           0.05 seconds
      user cpu time       0.00 seconds
      system cpu time     0.00 seconds
      memory              5526.32k
      OS Memory           35068.00k
      Timestamp           07/14/2026 09:06:43 AM
      Step Count                        35  Switch Count  0


NOTE: PROCEDURE SQL used (Total process time):
      real time           0.03 seconds
      user cpu time       0.01 seconds
      system cpu time     0.00 seconds
      memory              5342.37k
      OS Memory           35068.00k
      Timestamp           07/14/2026 09:06:43 AM
      Step Count                        36  Switch Count  0


NOTE: Table WORK.EXCLUDEMULTI created, with 0 rows and 1 columns.

NOTE: PROCEDURE SQL used (Total process time):
      real time           0.01 seconds
      user cpu time       0.00 seconds
      system cpu time     0.01 seconds
      memory              5499.57k
      OS Memory           35068.00k
      Timestamp           07/14/2026 09:06:43 AM
      Step Count                        37  Switch Count  0


NOTE: Table WORK.EARLIESTRXBPH_FILTERED created, with 0 rows and 9 columns.

NOTE: PROCEDURE SQL used (Total process time):
      real time           0.01 seconds
      user cpu time       0.01 seconds
      system cpu time     0.00 seconds
      memory              5499.87k
      OS Memory           35068.00k
      Timestamp           07/14/2026 09:06:43 AM
      Step Count                        38  Switch Count  0


WARNING: This CREATE TABLE statement recursively references the target table. A consequence of
         this is a possible data integrity problem.
NOTE: Table WORK.EARLIESTRXBPH_FILTERED created, with 0 rows and 9 columns.

NOTE: PROCEDURE SQL used (Total process time):
      real time           0.01 seconds
      user cpu time       0.00 seconds
      system cpu time     0.01 seconds
      memory              5343.79k
      OS Memory           35068.00k
      Timestamp           07/14/2026 09:06:43 AM
      Step Count                        39  Switch Count  0


NOTE: PROCEDURE SQL used (Total process time):
      real time           0.01 seconds
      user cpu time       0.00 seconds
      system cpu time     0.00 seconds
      memory              5340.20k
      OS Memory           35068.00k
      Timestamp           07/14/2026 09:06:43 AM
      Step Count                        40  Switch Count  0


NOTE: Table OUTPUT.BPHDRUGATC_1 created, with 0 rows and 11 columns.

NOTE: PROCEDURE SQL used (Total process time):
      real time           0.05 seconds
      user cpu time       0.00 seconds
      system cpu time     0.01 seconds
      memory              5564.09k
      OS Memory           35068.00k
      Timestamp           07/14/2026 09:06:43 AM
      Step Count                        41  Switch Count  0


369
370  proc datasets library = work kill nolist;
NOTE: Deleting WORK.APPENDED_DRUGS (memtype=DATA).
NOTE: Deleting WORK.APPENDED_DRUGS_2 (memtype=DATA).
NOTE: Deleting WORK.BPH_DOSAGES (memtype=DATA).
NOTE: Deleting WORK.BPH_DOSAGES_MG (memtype=DATA).
NOTE: Deleting WORK.BPH_TAM (memtype=DATA).
NOTE: Deleting WORK.BPH_TAM_CLEANING (memtype=DATA).
NOTE: Deleting WORK.EARLIESTRXBPH_FILTERED (memtype=DATA).
NOTE: Deleting WORK.EXCLUDEMULTI (memtype=DATA).
NOTE: Deleting WORK.PREVALENTUSERS (memtype=DATA).
NOTE: Deleting WORK.SASMAC3 (memtype=CATALOG).
NOTE: Deleting WORK.SASMACR (memtype=CATALOG).
NOTE: File WORK.SASMACR (memtype=CATALOG) cannot be deleted because it is in use.
371  run;

372  quit;

NOTE: PROCEDURE DATASETS used (Total process time):
      real time           0.07 seconds
      user cpu time       0.00 seconds
      system cpu time     0.03 seconds
      memory              240.42k
      OS Memory           30200.00k
      Timestamp           07/14/2026 09:06:43 AM
      Step Count                        42  Switch Count  0


373  %macro drugdata(in =, out=);
374
375  /**************************************************************************/
376  /* STEP 1: Extract BPH drug records for the current drugissue file        */
377  /**************************************************************************/
378
379  *** Identify tamsulosin and comparator drug records;
380
381  %macro product (var=, atccode =, drugfile =);
382  proc sql;
383      CREATE TABLE codelist.&var._codes AS
384      SELECT *
385      FROM rawdata.product_aurum_atc
386      WHERE ATC LIKE &atccode;
387  quit;
388
389
390  proc sql;
391      CREATE TABLE output.&var._drugs AS
392      SELECT r.patid,
393             r.issuedate,
394             r.dosageid,
395             r.quantity,
396             r.duration,
397             r.prodcodeid,
398             c.atc,
399             c.strength
400      FROM &drugfile as r
401  inner join codelist.&var._codes as c on strip(c.prodcodeid) = strip(r.prodcodeid);
402  quit;
403
404
405  %mend product;
406
407  %product (var=tamsulosin, atccode = 'G04CA02', drugfile = &in);
408
409  %product (var=finasteride_mono1, atccode = 'G04CB01', drugfile = &in);
410  %product (var=finasteride_mono2, atccode = 'D11AX10', drugfile = &in);
411  %product (var=finasteride_poly1, atccode = 'G04CB51', drugfile = &in);
412  %product (var=finasteride_poly2, atccode = 'G04CA55', drugfile = &in);
413
414  %product (var=alfuzosin, atccode = 'G04CA01', drugfile = &in);
415
416  %product (var=alfu_fini, atccode = 'G04CA51', drugfile = &in);
417
418
419
420
421
422  *** append drugs records for all drugs and create numeric exposure variable;
423
424  data appended_drugs;
425  set output.tamsulosin_drugs (in = a) output.alfuzosin_drugs (in=b)
425! output.finasteride_mono1_drugs (in=c)
426  output.finasteride_mono2_drugs (in=d) output.finisteride_poly1_drugs (in = e)
426! output.finisteride_poly2_drugs (in = f) output.alfu_fini_drugs (in = g);
427  if a then exposure = 0;
428  else if b then exposure = 1;
429  else if c or d or e or f then exposure = 2;
430  else if g then exposure = 99 ;
431  run;
432
433  data appended_drugs_2;
434  set appended_drugs;
435  where exposure ne 99;
436  run;
437
438  *** find mg value ;
439
440  data output.bph_drugs;
441      set appended_drugs_2;
442      length unit_found $20;
443
444      if not missing(strength) then do;
445          /* First number in the string (handles decimals) */
446          mg_value = input(scan(strength, 1,
446! 'abcdefghijklmnopqrstuvwxyzABCDEFGHIJKLMNOPQRSTUVWXYZ/'), best12.);
447
448          /* First unit word: letters immediately after the first number */
449          unit_found = scan(compress(strength, '0123456789. '), 1, '/');
450
451          /* Convert everything to mg */
452          if lowcase(unit_found) in ('microgram', 'micrograms', 'mcg') then mg_value = mg_value
452!  / 1000;
453          else if lowcase(unit_found) in ('gram', 'g') then mg_value = mg_value * 1000;
454          /* mg stays as-is */
455      end;
456
457      drop unit_found;
458  run;
459
460  /* HOW MANY PATIENTS */
461  proc sql;
462  select count(distinct patid) as "Step 1: bph drugs"n
463  from output.bph_drugs;
464  quit;
465
466
467  /****************************************************************************/
468  /* STEP 2: Generate treatment duration and mean daily dose in mg from common dosages file.*/
469  /****************************************************************************/
470
471  *** Import common_dosages file to extract daily dose variable;
472
473  proc sort data = codelist.common_dosages_aurum_dec2025;
474  by dosageid;
475  run;
476
477  proc sort data = output.bph_drugs;
478  by dosageid;
479  run;
480
481  data bph_dosages;
482  merge codelist.common_dosages_aurum_dec2025 (in=a) output.bph_drugs (in=b);
483  by dosageid;
484  if b;
485  run;
486
487  proc univariate data=bph_dosages;
488      var daily_dose;
489  run;
490
491  proc univariate data=bph_dosages;
492      var quantity;
493  run;
494
495  proc univariate data=bph_dosages;
496      var duration;
497  run;
498
499  *** calculate means daily dose;
500
501  data bph_dosages_mg;
502  set bph_dosages;
503  if daily_dose > 0 then mean_daily_dose = mg_value*daily_dose;
504  else mean_daily_dose = mg_value;
505  run;
506
507  *** Algorithm to determine reasonable assumed duration per prescription;
508  *** borrowed from ADEPT script with permission from Magdalena Gamba *;
509
510  data bph_tam_cleaning;
511  set bph_dosages_mg;
512  if daily_dose > 5 or daily_dose = . then daily_dose = 1;
513  if daily_dose = 0 then daily_dose = 0.5;
514  if quantity > 90 then quantity = 90;
515  if quantity > 0 and quantity ne . then assumed_duration = quantity/daily_dose;
516  if assumed_duration = . and duration ne . and duration > 0 and duration < 90 then
516! assumed_duration = duration;
517  if assumed_duration = . or assumed_duration < 1 then assumed_duration = 30;
518  run;
519
520  proc univariate data=bph_tam_cleaning;
521      var assumed_duration;
522  run;
523
524
525
526  /****************************************************************************/
527  /* STEP 3: Join with base_cohort so only patients in our main cohort remain.*/
528  /****************************************************************************/
529
530  *** Join cleaned prescription records with base cohort;
531
532  PROC SQL;
533  CREATE TABLE bph_tam AS
534      SELECT T.patid,
535  T.issuedate,
536  T.exposure,
537  T.atc,
538  T.dosageid,
539  T.quantity,
540  T.assumed_duration,
541  T.prodcodeid,
542  T.mg_value,
543  BC.regstartdate,
544  BC.baseline_dt
545      FROM bph_tam_cleaning AS T
546      INNER JOIN output.linked_bph_cohort AS BC ON BC.patid = T.patid
547  ORDER BY T.assumed_duration, T.patid, T.issuedate;
548  quit;
549
550
551
552  /* HOW MANY PATIENTS */
553  /* losing about 30 thousand*/
554  proc sql;
555  select count(distinct patid) as "Step 3: bphtam join to base"n
556  from bph_tam
557  quit;
558
559  /**************************************************************************/
560  /* STEP 4: Exclude 'PrevalentUsers'                                       */
561  /**************************************************************************/
562  /* 'Prevalent users' are those who had a drug prescription 1 year before   */
563  /* their baseline date. We identify them by comparing issue date with the  */
564  /* bph_dt in base_cohort. */
565  /* second step removes identified prevalent users from main dataset */
566
567  *** identify prevalent users;
568
569  proc sql;
570      create table PrevalentUsers as
571      select distinct patid
572      from bph_tam
573      where issuedate between intnx('year', baseline_dt, -1, 'same') and baseline_dt - 1;
574  quit;
575
576  /* HOW MANY PATIENTS */
577  proc sql;
578  select count(distinct patid) as "Step 4: prevalent user #"n
579  from PrevalentUsers
580  quit;
581
582
583  ***  We remove those in PrevalentUsers.;
584  ***  We only keep prescriptions dated on or after baseline.;
585
586  proc sql;
587      create table output.Rx_bph_PostStart as
588      select *
589      from bph_tam b
590      where not exists (
591          select 1
592          from PrevalentUsers p
593          where p.patid = b.patid
594          )
595      and issuedate >= baseline_dt
596      ;
597  quit;
598
599  /* HOW MANY PATIENTS */
600  proc sql;
601  select count(distinct patid) as "Step 4: removing prevalent users"n
602  from output.Rx_bph_PostStart
603  quit;
604
605
606  /**************************************************************************/
607  /* STEP 5: Identify earliest prescription date for each patient and exclude multi-drug
607! initiators         */
608  /**************************************************************************/
609  /* Finds the minimum (earliest) eventdate among the valid prescriptions.  */
610
611  proc sql;
612      create table output.BphEarliestDate as
613      select patid,
614             min(issuedate) as indexdate format = ddmmyy10.
615      from output.Rx_bph_PostStart
616      group by patid;
617  quit;
618
619
620  /* 1) We only keep rows where issuedate = indexdate.               */
621  /* 2) We call this 'EarliestRxAll'.                                       */
622  /* 3) If multiple rows share the same earliest date for a patient, we     */
623  /*    handle that in the subsequent step.                                 */
624  /* the earliest Rx will be used for cleaning in the subsequent steps, but then all records
624! will
625  be rejoined in the final step for creation of treatment episodes */
626
627  *** includes 2 multi-drug initiators;
628
629  proc sql;
630      create table output.EarliestRxBphAll as
631      select p.patid,
632             p.issuedate,
633             p.assumed_duration,
634             p.prodcodeid,
635             p.baseline_dt,
636             e.indexdate,
637             p.regstartdate,
638             p.exposure,
639             p.atc
640      from output.BphEarliestDate as e
641          left join output.Rx_bph_PostStart as p
642          on p.patid = e.patid
643  where p.issuedate = e.indexdate;
644  quit;
645
646
647  /*HOW MANY PATIENTS*/
648  proc sql;
649  select count(distinct patid) as "Step 5: First issue date"n
650  from output.EarliestRxBphAll
651  quit;
652
653  *** excluding multi-drug initiators;
654
655  proc sql;
656      create table ExcludeMulti as
657      select patid
658      from output.EarliestRxBphAll
659      group by patid
660      having count(distinct exposure) > 1  /* More than 1 unique exposure => Exclude */
661      ;
662  quit;
663
664  proc sql;
665      create table EarliestRxBph_Filtered as
666      select *
667      from output.EarliestRxBphAll
668      where patid not in (select patid from ExcludeMulti);
669  quit;
670
671
672  /**************************************************************************/
673  /* STEP 6: Exclude if run-in period is less than 365 days              */
674  /**************************************************************************/
675
676  PROC SQL;
677  create table EarliestRxBph_Filtered AS
678  select *
679  from EarliestRxBph_Filtered
680  having indexdate - regstartdate > 365;
681  quit;
682
683  /*HOW MANY PATIENTS*/
684  proc sql;
685  select count(distinct patid) as "Step 7: Washout exclusions"n
686  from EarliestRxBph_Filtered
687  quit;
688
689  **********;
690  /*
691  /**************************************************************************/
692  /* STEP 7: Exclude if subarachnoid hemorrhage (aSAH) occurred before Rx   */
693  /* (COMMENTED OUT until HES APC linkage is incorporated )                      */
694  /**************************************************************************/
695  /* If a patient's first aSAH date (HOSP ONLY) is before earliest Rx, we drop them.    */
696  /* NOTE: DO NOT RUN UNTIL HES APC LINKAGE */
697  /* NOTE: Jos's version requires both hospital and gp data so I have written new script myself
697!  for the timebeing*/
698
699  *proc sql;
700  *CREATE TABLE EarliestRx_aSah_Exclusion AS
701  SELECT d1.* , d2.patid, d2.aSAH_gp_dt
702  FROM EarliestRx_washout as d1
703  INNER JOIN output.linked_bph_cohort as d2
704  ON d1.patid = d2.patid
705      WHERE d2.aSAH_gp_dt > indexdate or d2.aSAH_gp_dt is NULL;
706  *quit;
707
708  /*HOW MANY PATIENTS*/
709  *proc sql;
710  *select count(distinct patid) as "Step 8: prior aSAH"n
711  from EarliestRx_aSah_Exclusion
712  quit;
713
714
715  /**************************************************************************/
716  /* STEP 8: Retrieiving all treatment episodes from patients with exclusion criteria specified
716!  in steps 5 & 6   */
717  /**************************************************************************/
718
719  /* FINAL PRODUCT */
720
721  proc sql;
722  create table &out as
723  select r.*
724  from EarliestRxBph_Filtered as f
725  left outer join output.Rx_bph_PostStart as r
726  on f.patid = r.patid;
727  quit;
728
729  %mend;

730
731  %drugdata(in=output.lildrugissue, out=output.bphdrugatc_test)
NOTE: Table CODELIST.TAMSULOSIN_CODES created, with 26 rows and 12 columns.

NOTE: PROCEDURE SQL used (Total process time):
      real time           0.41 seconds
      user cpu time       0.00 seconds
      system cpu time     0.04 seconds
      memory              5494.78k
      OS Memory           35324.00k
      Timestamp           07/14/2026 09:10:08 AM
      Step Count                        43  Switch Count  0


NOTE: Table OUTPUT.TAMSULOSIN_DRUGS created, with 4922 rows and 8 columns.

NOTE: PROCEDURE SQL used (Total process time):
      real time           0.24 seconds
      user cpu time       0.06 seconds
      system cpu time     0.01 seconds
      memory              5650.07k
      OS Memory           35324.00k
      Timestamp           07/14/2026 09:10:08 AM
      Step Count                        44  Switch Count  0


NOTE: Table CODELIST.FINASTERIDE_MONO1_CODES created, with 3 rows and 12 columns.

NOTE: PROCEDURE SQL used (Total process time):
      real time           0.10 seconds
      user cpu time       0.00 seconds
      system cpu time     0.04 seconds
      memory              5494.78k
      OS Memory           35324.00k
      Timestamp           07/14/2026 09:10:08 AM
      Step Count                        45  Switch Count  0


NOTE: Table OUTPUT.FINASTERIDE_MONO1_DRUGS created, with 2080 rows and 8 columns.

NOTE: PROCEDURE SQL used (Total process time):
      real time           0.13 seconds
      user cpu time       0.03 seconds
      system cpu time     0.01 seconds
      memory              5650.07k
      OS Memory           35324.00k
      Timestamp           07/14/2026 09:10:08 AM
      Step Count                        46  Switch Count  0


NOTE: Table CODELIST.FINASTERIDE_MONO2_CODES created, with 3 rows and 12 columns.

NOTE: PROCEDURE SQL used (Total process time):
      real time           0.11 seconds
      user cpu time       0.00 seconds
      system cpu time     0.04 seconds
      memory              5494.78k
      OS Memory           35324.00k
      Timestamp           07/14/2026 09:10:08 AM
      Step Count                        47  Switch Count  0


NOTE: Table OUTPUT.FINASTERIDE_MONO2_DRUGS created, with 0 rows and 8 columns.

NOTE: PROCEDURE SQL used (Total process time):
      real time           0.10 seconds
      user cpu time       0.04 seconds
      system cpu time     0.00 seconds
      memory              5650.07k
      OS Memory           35324.00k
      Timestamp           07/14/2026 09:10:09 AM
      Step Count                        48  Switch Count  0


NOTE: Table CODELIST.FINASTERIDE_POLY1_CODES created, with 0 rows and 12 columns.

NOTE: PROCEDURE SQL used (Total process time):
      real time           0.09 seconds
      user cpu time       0.03 seconds
      system cpu time     0.03 seconds
      memory              5494.78k
      OS Memory           35324.00k
      Timestamp           07/14/2026 09:10:09 AM
      Step Count                        49  Switch Count  0


NOTE: Table OUTPUT.FINASTERIDE_POLY1_DRUGS created, with 0 rows and 8 columns.

NOTE: PROCEDURE SQL used (Total process time):
      real time           0.05 seconds
      user cpu time       0.00 seconds
      system cpu time     0.00 seconds
      memory              5650.07k
      OS Memory           35324.00k
      Timestamp           07/14/2026 09:10:09 AM
      Step Count                        50  Switch Count  0


NOTE: Table CODELIST.FINASTERIDE_POLY2_CODES created, with 0 rows and 12 columns.

NOTE: PROCEDURE SQL used (Total process time):
      real time           0.07 seconds
      user cpu time       0.00 seconds
      system cpu time     0.04 seconds
      memory              5494.78k
      OS Memory           35324.00k
      Timestamp           07/14/2026 09:10:09 AM
      Step Count                        51  Switch Count  0


NOTE: Table OUTPUT.FINASTERIDE_POLY2_DRUGS created, with 0 rows and 8 columns.

NOTE: PROCEDURE SQL used (Total process time):
      real time           0.05 seconds
      user cpu time       0.00 seconds
      system cpu time     0.00 seconds
      memory              5650.07k
      OS Memory           35324.00k
      Timestamp           07/14/2026 09:10:09 AM
      Step Count                        52  Switch Count  0


NOTE: Table CODELIST.ALFUZOSIN_CODES created, with 12 rows and 12 columns.

NOTE: PROCEDURE SQL used (Total process time):
      real time           0.07 seconds
      user cpu time       0.01 seconds
      system cpu time     0.00 seconds
      memory              5494.78k
      OS Memory           35324.00k
      Timestamp           07/14/2026 09:10:09 AM
      Step Count                        53  Switch Count  0


NOTE: Table OUTPUT.ALFUZOSIN_DRUGS created, with 1004 rows and 8 columns.

NOTE: PROCEDURE SQL used (Total process time):
      real time           0.11 seconds
      user cpu time       0.01 seconds
      system cpu time     0.04 seconds
      memory              5650.07k
      OS Memory           35324.00k
      Timestamp           07/14/2026 09:10:09 AM
      Step Count                        54  Switch Count  0


NOTE: Table CODELIST.ALFU_FINI_CODES created, with 0 rows and 12 columns.

NOTE: PROCEDURE SQL used (Total process time):
      real time           0.09 seconds
      user cpu time       0.01 seconds
      system cpu time     0.04 seconds
      memory              5494.78k
      OS Memory           35324.00k
      Timestamp           07/14/2026 09:10:09 AM
      Step Count                        55  Switch Count  0


NOTE: Table OUTPUT.ALFU_FINI_DRUGS created, with 0 rows and 8 columns.

NOTE: PROCEDURE SQL used (Total process time):
      real time           0.05 seconds
      user cpu time       0.00 seconds
      system cpu time     0.01 seconds
      memory              5650.07k
      OS Memory           35324.00k
      Timestamp           07/14/2026 09:10:09 AM
      Step Count                        56  Switch Count  0


ERROR: File OUTPUT.FINISTERIDE_POLY1_DRUGS.DATA does not exist.
ERROR: File OUTPUT.FINISTERIDE_POLY2_DRUGS.DATA does not exist.

NOTE: The SAS System stopped processing this step because of errors.
WARNING: The data set WORK.APPENDED_DRUGS may be incomplete.  When this step was stopped there
         were 0 observations and 9 variables.
NOTE: DATA statement used (Total process time):
      real time           0.12 seconds
      user cpu time       0.00 seconds
      system cpu time     0.03 seconds
      memory              1379.92k
      OS Memory           30456.00k
      Timestamp           07/14/2026 09:10:09 AM
      Step Count                        57  Switch Count  0




NOTE: There were 0 observations read from the data set WORK.APPENDED_DRUGS.
      WHERE exposure not = 99;
NOTE: The data set WORK.APPENDED_DRUGS_2 has 0 observations and 9 variables.
NOTE: DATA statement used (Total process time):
      real time           0.01 seconds
      user cpu time       0.00 seconds
      system cpu time     0.01 seconds
      memory              577.76k
      OS Memory           30200.00k
      Timestamp           07/14/2026 09:10:09 AM
      Step Count                        58  Switch Count  0



NOTE: There were 0 observations read from the data set WORK.APPENDED_DRUGS_2.
NOTE: The data set OUTPUT.BPH_DRUGS has 0 observations and 10 variables.
NOTE: DATA statement used (Total process time):
      real time           0.05 seconds
      user cpu time       0.01 seconds
      system cpu time     0.01 seconds
      memory              590.56k
      OS Memory           30200.00k
      Timestamp           07/14/2026 09:10:10 AM
      Step Count                        59  Switch Count  0


NOTE: PROCEDURE SQL used (Total process time):
      real time           0.08 seconds
      user cpu time       0.00 seconds
      system cpu time     0.07 seconds
      memory              5343.26k
      OS Memory           35324.00k
      Timestamp           07/14/2026 09:10:10 AM
      Step Count                        60  Switch Count  0



NOTE: Input data set is already sorted, no sorting done.
NOTE: PROCEDURE SORT used (Total process time):
      real time           0.01 seconds
      user cpu time       0.00 seconds
      system cpu time     0.00 seconds
      memory              349.21k
      OS Memory           30200.00k
      Timestamp           07/14/2026 09:10:10 AM
      Step Count                        61  Switch Count  0



NOTE: Input data set is empty.
NOTE: The data set OUTPUT.BPH_DRUGS has 0 observations and 10 variables.
NOTE: PROCEDURE SORT used (Total process time):
      real time           0.02 seconds
      user cpu time       0.00 seconds
      system cpu time     0.01 seconds
      memory              446.10k
      OS Memory           30200.00k
      Timestamp           07/14/2026 09:10:10 AM
      Step Count                        62  Switch Count  0



NOTE: There were 139672 observations read from the data set CODELIST.COMMON_DOSAGES_AURUM_DEC2025.
NOTE: There were 0 observations read from the data set OUTPUT.BPH_DRUGS.
NOTE: The data set WORK.BPH_DOSAGES has 0 observations and 20 variables.
NOTE: DATA statement used (Total process time):
      real time           0.19 seconds
      user cpu time       0.01 seconds
      system cpu time     0.01 seconds
      memory              994.98k
      OS Memory           30200.00k
      Timestamp           07/14/2026 09:10:10 AM
      Step Count                        63  Switch Count  0



NOTE: No observations in data set WORK.BPH_DOSAGES.
NOTE: PROCEDURE UNIVARIATE used (Total process time):
      real time           0.01 seconds
      user cpu time       0.00 seconds
      system cpu time     0.00 seconds
      memory              322.75k
      OS Memory           30200.00k
      Timestamp           07/14/2026 09:10:10 AM
      Step Count                        64  Switch Count  0



NOTE: No observations in data set WORK.BPH_DOSAGES.
NOTE: PROCEDURE UNIVARIATE used (Total process time):
      real time           0.01 seconds
      user cpu time       0.00 seconds
      system cpu time     0.01 seconds
      memory              322.75k
      OS Memory           30200.00k
      Timestamp           07/14/2026 09:10:10 AM
      Step Count                        65  Switch Count  0



NOTE: No observations in data set WORK.BPH_DOSAGES.
NOTE: PROCEDURE UNIVARIATE used (Total process time):
      real time           0.00 seconds
      user cpu time       0.00 seconds
      system cpu time     0.00 seconds
      memory              322.75k
      OS Memory           30200.00k
      Timestamp           07/14/2026 09:10:10 AM
      Step Count                        66  Switch Count  0



NOTE: There were 0 observations read from the data set WORK.BPH_DOSAGES.
NOTE: The data set WORK.BPH_DOSAGES_MG has 0 observations and 21 variables.
NOTE: DATA statement used (Total process time):
      real time           0.00 seconds
      user cpu time       0.00 seconds
      system cpu time     0.00 seconds
      memory              583.07k
      OS Memory           30200.00k
      Timestamp           07/14/2026 09:10:10 AM
      Step Count                        67  Switch Count  0



NOTE: There were 0 observations read from the data set WORK.BPH_DOSAGES_MG.
NOTE: The data set WORK.BPH_TAM_CLEANING has 0 observations and 22 variables.
NOTE: DATA statement used (Total process time):
      real time           0.01 seconds
      user cpu time       0.00 seconds
      system cpu time     0.01 seconds
      memory              588.98k
      OS Memory           30200.00k
      Timestamp           07/14/2026 09:10:10 AM
      Step Count                        68  Switch Count  0



NOTE: No observations in data set WORK.BPH_TAM_CLEANING.
NOTE: PROCEDURE UNIVARIATE used (Total process time):
      real time           0.01 seconds
      user cpu time       0.00 seconds
      system cpu time     0.00 seconds
      memory              322.93k
      OS Memory           30200.00k
      Timestamp           07/14/2026 09:10:10 AM
      Step Count                        69  Switch Count  0


NOTE: Table WORK.BPH_TAM created, with 0 rows and 11 columns.

NOTE: PROCEDURE SQL used (Total process time):
      real time           0.04 seconds
      user cpu time       0.00 seconds
      system cpu time     0.00 seconds
      memory              8739.90k
      OS Memory           37092.00k
      Timestamp           07/14/2026 09:10:10 AM
      Step Count                        70  Switch Count  0


NOTE: PROCEDURE SQL used (Total process time):
      real time           0.01 seconds
      user cpu time       0.01 seconds
      system cpu time     0.00 seconds
      memory              5341.09k
      OS Memory           35324.00k
      Timestamp           07/14/2026 09:10:10 AM
      Step Count                        71  Switch Count  0


NOTE: Table WORK.PREVALENTUSERS created, with 0 rows and 1 columns.

NOTE: PROCEDURE SQL used (Total process time):
      real time           0.00 seconds
      user cpu time       0.00 seconds
      system cpu time     0.00 seconds
      memory              5367.29k
      OS Memory           35324.00k
      Timestamp           07/14/2026 09:10:10 AM
      Step Count                        72  Switch Count  0


NOTE: PROCEDURE SQL used (Total process time):
      real time           0.02 seconds
      user cpu time       0.00 seconds
      system cpu time     0.01 seconds
      memory              5339.09k
      OS Memory           35324.00k
      Timestamp           07/14/2026 09:10:10 AM
      Step Count                        73  Switch Count  0


NOTE: Table OUTPUT.RX_BPH_POSTSTART created, with 0 rows and 11 columns.

NOTE: PROCEDURE SQL used (Total process time):
      real time           0.05 seconds
      user cpu time       0.00 seconds
      system cpu time     0.00 seconds
      memory              5523.20k
      OS Memory           35324.00k
      Timestamp           07/14/2026 09:10:10 AM
      Step Count                        74  Switch Count  0


NOTE: PROCEDURE SQL used (Total process time):
      real time           0.04 seconds
      user cpu time       0.01 seconds
      system cpu time     0.00 seconds
      memory              5343.26k
      OS Memory           35324.00k
      Timestamp           07/14/2026 09:10:10 AM
      Step Count                        75  Switch Count  0


NOTE: Table OUTPUT.BPHEARLIESTDATE created, with 0 rows and 2 columns.

NOTE: PROCEDURE SQL used (Total process time):
      real time           0.06 seconds
      user cpu time       0.00 seconds
      system cpu time     0.03 seconds
      memory              5446.01k
      OS Memory           35324.00k
      Timestamp           07/14/2026 09:10:10 AM
      Step Count                        76  Switch Count  0


NOTE: Table OUTPUT.EARLIESTRXBPHALL created, with 0 rows and 9 columns.

NOTE: PROCEDURE SQL used (Total process time):
      real time           0.07 seconds
      user cpu time       0.00 seconds
      system cpu time     0.00 seconds
      memory              5526.46k
      OS Memory           35324.00k
      Timestamp           07/14/2026 09:10:10 AM
      Step Count                        77  Switch Count  0


NOTE: PROCEDURE SQL used (Total process time):
      real time           0.04 seconds
      user cpu time       0.00 seconds
      system cpu time     0.00 seconds
      memory              5342.37k
      OS Memory           35324.00k
      Timestamp           07/14/2026 09:10:10 AM
      Step Count                        78  Switch Count  0


NOTE: Table WORK.EXCLUDEMULTI created, with 0 rows and 1 columns.

NOTE: PROCEDURE SQL used (Total process time):
      real time           0.02 seconds
      user cpu time       0.00 seconds
      system cpu time     0.03 seconds
      memory              5499.48k
      OS Memory           35324.00k
      Timestamp           07/14/2026 09:10:10 AM
      Step Count                        79  Switch Count  0


NOTE: Table WORK.EARLIESTRXBPH_FILTERED created, with 0 rows and 9 columns.

NOTE: PROCEDURE SQL used (Total process time):
      real time           0.01 seconds
      user cpu time       0.00 seconds
      system cpu time     0.00 seconds
      memory              5499.89k
      OS Memory           35324.00k
      Timestamp           07/14/2026 09:10:11 AM
      Step Count                        80  Switch Count  0


WARNING: This CREATE TABLE statement recursively references the target table. A consequence of
         this is a possible data integrity problem.
NOTE: Table WORK.EARLIESTRXBPH_FILTERED created, with 0 rows and 9 columns.

NOTE: PROCEDURE SQL used (Total process time):
      real time           0.01 seconds
      user cpu time       0.00 seconds
      system cpu time     0.00 seconds
      memory              5343.87k
      OS Memory           35324.00k
      Timestamp           07/14/2026 09:10:11 AM
      Step Count                        81  Switch Count  0


NOTE: PROCEDURE SQL used (Total process time):
      real time           0.02 seconds
      user cpu time       0.00 seconds
      system cpu time     0.01 seconds
      memory              5340.07k
      OS Memory           35324.00k
      Timestamp           07/14/2026 09:10:11 AM
      Step Count                        82  Switch Count  0


NOTE: Table OUTPUT.BPHDRUGATC_TEST created, with 0 rows and 11 columns.

NOTE: PROCEDURE SQL used (Total process time):
      real time           0.07 seconds
      user cpu time       0.00 seconds
      system cpu time     0.01 seconds
      memory              5563.28k
      OS Memory           35324.00k
      Timestamp           07/14/2026 09:10:11 AM
      Step Count                        83  Switch Count  0



732
733  %drugdata(in=rawdata.drugissue_1, out=output.bphdrugatc_1)
NOTE: Table CODELIST.TAMSULOSIN_CODES created, with 26 rows and 12 columns.

NOTE: PROCEDURE SQL used (Total process time):
      real time           0.40 seconds
      user cpu time       0.01 seconds
      system cpu time     0.04 seconds
      memory              5494.62k
      OS Memory           35324.00k
      Timestamp           07/14/2026 09:19:40 AM
      Step Count                        84  Switch Count  0


NOTE: Table OUTPUT.TAMSULOSIN_DRUGS created, with 4990798 rows and 8 columns.

NOTE: PROCEDURE SQL used (Total process time):
      real time           2:07.81
      user cpu time       25.75 seconds
      system cpu time     7.43 seconds
      memory              5650.04k
      OS Memory           35324.00k
      Timestamp           07/14/2026 09:21:48 AM
      Step Count                        85  Switch Count  0


NOTE: Table CODELIST.FINASTERIDE_MONO1_CODES created, with 3 rows and 12 columns.

NOTE: PROCEDURE SQL used (Total process time):
      real time           0.38 seconds
      user cpu time       0.00 seconds
      system cpu time     0.04 seconds
      memory              5494.62k
      OS Memory           35324.00k
      Timestamp           07/14/2026 09:21:48 AM
      Step Count                        86  Switch Count  0


NOTE: Table OUTPUT.FINASTERIDE_MONO1_DRUGS created, with 2986889 rows and 8 columns.

NOTE: PROCEDURE SQL used (Total process time):
      real time           2:01.23
      user cpu time       27.40 seconds
      system cpu time     8.39 seconds
      memory              5650.06k
      OS Memory           35324.00k
      Timestamp           07/14/2026 09:23:50 AM
      Step Count                        87  Switch Count  0


NOTE: Table CODELIST.FINASTERIDE_MONO2_CODES created, with 3 rows and 12 columns.

NOTE: PROCEDURE SQL used (Total process time):
      real time           0.37 seconds
      user cpu time       0.01 seconds
      system cpu time     0.03 seconds
      memory              5494.62k
      OS Memory           35324.00k
      Timestamp           07/14/2026 09:23:50 AM
      Step Count                        88  Switch Count  0


NOTE: Table OUTPUT.FINASTERIDE_MONO2_DRUGS created, with 1963 rows and 8 columns.

NOTE: PROCEDURE SQL used (Total process time):
      real time           2:00.30
      user cpu time       26.89 seconds
      system cpu time     7.32 seconds
      memory              5649.92k
      OS Memory           35324.00k
      Timestamp           07/14/2026 09:25:50 AM
      Step Count                        89  Switch Count  0


NOTE: Table CODELIST.FINASTERIDE_POLY1_CODES created, with 0 rows and 12 columns.

NOTE: PROCEDURE SQL used (Total process time):
      real time           0.48 seconds
      user cpu time       0.01 seconds
      system cpu time     0.01 seconds
      memory              5494.62k
      OS Memory           35324.00k
      Timestamp           07/14/2026 09:25:51 AM
      Step Count                        90  Switch Count  0


NOTE: Table OUTPUT.FINASTERIDE_POLY1_DRUGS created, with 0 rows and 8 columns.

NOTE: PROCEDURE SQL used (Total process time):
      real time           0.07 seconds
      user cpu time       0.00 seconds
      system cpu time     0.04 seconds
      memory              5650.04k
      OS Memory           35324.00k
      Timestamp           07/14/2026 09:25:51 AM
      Step Count                        91  Switch Count  0


NOTE: Table CODELIST.FINASTERIDE_POLY2_CODES created, with 0 rows and 12 columns.

NOTE: PROCEDURE SQL used (Total process time):
      real time           0.07 seconds
      user cpu time       0.00 seconds
      system cpu time     0.03 seconds
      memory              5494.62k
      OS Memory           35324.00k
      Timestamp           07/14/2026 09:25:51 AM
      Step Count                        92  Switch Count  0


NOTE: Table OUTPUT.FINASTERIDE_POLY2_DRUGS created, with 0 rows and 8 columns.

NOTE: PROCEDURE SQL used (Total process time):
      real time           0.07 seconds
      user cpu time       0.00 seconds
      system cpu time     0.00 seconds
      memory              5649.92k
      OS Memory           35324.00k
      Timestamp           07/14/2026 09:25:51 AM
      Step Count                        93  Switch Count  0


NOTE: Table CODELIST.ALFUZOSIN_CODES created, with 12 rows and 12 columns.

NOTE: PROCEDURE SQL used (Total process time):
      real time           0.08 seconds
      user cpu time       0.01 seconds
      system cpu time     0.03 seconds
      memory              5494.62k
      OS Memory           35324.00k
      Timestamp           07/14/2026 09:25:51 AM
      Step Count                        94  Switch Count  0


NOTE: Table OUTPUT.ALFUZOSIN_DRUGS created, with 529605 rows and 8 columns.

NOTE: PROCEDURE SQL used (Total process time):
      real time           2:00.76
      user cpu time       25.64 seconds
      system cpu time     6.82 seconds
      memory              5650.06k
      OS Memory           35324.00k
      Timestamp           07/14/2026 09:27:52 AM
      Step Count                        95  Switch Count  0


NOTE: Table CODELIST.ALFU_FINI_CODES created, with 0 rows and 12 columns.

NOTE: PROCEDURE SQL used (Total process time):
      real time           0.42 seconds
      user cpu time       0.03 seconds
      system cpu time     0.01 seconds
      memory              5494.62k
      OS Memory           35324.00k
      Timestamp           07/14/2026 09:27:52 AM
      Step Count                        96  Switch Count  0


NOTE: Table OUTPUT.ALFU_FINI_DRUGS created, with 0 rows and 8 columns.

NOTE: PROCEDURE SQL used (Total process time):
      real time           0.07 seconds
      user cpu time       0.00 seconds
      system cpu time     0.00 seconds
      memory              5649.92k
      OS Memory           35324.00k
      Timestamp           07/14/2026 09:27:52 AM
      Step Count                        97  Switch Count  0


ERROR: File OUTPUT.FINISTERIDE_POLY1_DRUGS.DATA does not exist.
ERROR: File OUTPUT.FINISTERIDE_POLY2_DRUGS.DATA does not exist.

NOTE: The SAS System stopped processing this step because of errors.
WARNING: The data set WORK.APPENDED_DRUGS may be incomplete.  When this step was stopped there
         were 0 observations and 9 variables.
WARNING: Data set WORK.APPENDED_DRUGS was not replaced because this step was stopped.
NOTE: DATA statement used (Total process time):
      real time           0.13 seconds
      user cpu time       0.00 seconds
      system cpu time     0.03 seconds
      memory              1448.42k
      OS Memory           30456.00k
      Timestamp           07/14/2026 09:27:53 AM
      Step Count                        98  Switch Count  0




NOTE: There were 0 observations read from the data set WORK.APPENDED_DRUGS.
      WHERE exposure not = 99;
NOTE: The data set WORK.APPENDED_DRUGS_2 has 0 observations and 9 variables.
NOTE: DATA statement used (Total process time):
      real time           0.02 seconds
      user cpu time       0.00 seconds
      system cpu time     0.01 seconds
      memory              576.75k
      OS Memory           30200.00k
      Timestamp           07/14/2026 09:27:53 AM
      Step Count                        99  Switch Count  0



NOTE: There were 0 observations read from the data set WORK.APPENDED_DRUGS_2.
NOTE: The data set OUTPUT.BPH_DRUGS has 0 observations and 10 variables.
NOTE: DATA statement used (Total process time):
      real time           0.04 seconds
      user cpu time       0.00 seconds
      system cpu time     0.00 seconds
      memory              591.46k
      OS Memory           30200.00k
      Timestamp           07/14/2026 09:27:53 AM
      Step Count                        100  Switch Count  0


NOTE: PROCEDURE SQL used (Total process time):
      real time           0.04 seconds
      user cpu time       0.01 seconds
      system cpu time     0.01 seconds
      memory              5343.26k
      OS Memory           35324.00k
      Timestamp           07/14/2026 09:27:53 AM
      Step Count                        101  Switch Count  0



NOTE: Input data set is already sorted, no sorting done.
NOTE: PROCEDURE SORT used (Total process time):
      real time           0.02 seconds
      user cpu time       0.00 seconds
      system cpu time     0.00 seconds
      memory              348.85k
      OS Memory           30200.00k
      Timestamp           07/14/2026 09:27:53 AM
      Step Count                        102  Switch Count  0



NOTE: Input data set is empty.
NOTE: The data set OUTPUT.BPH_DRUGS has 0 observations and 10 variables.
NOTE: PROCEDURE SORT used (Total process time):
      real time           0.01 seconds
      user cpu time       0.00 seconds
      system cpu time     0.00 seconds
      memory              445.62k
      OS Memory           30200.00k
      Timestamp           07/14/2026 09:27:53 AM
      Step Count                        103  Switch Count  0



NOTE: There were 139672 observations read from the data set CODELIST.COMMON_DOSAGES_AURUM_DEC2025.
NOTE: There were 0 observations read from the data set OUTPUT.BPH_DRUGS.
NOTE: The data set WORK.BPH_DOSAGES has 0 observations and 20 variables.
NOTE: DATA statement used (Total process time):
      real time           0.22 seconds
      user cpu time       0.03 seconds
      system cpu time     0.00 seconds
      memory              994.98k
      OS Memory           30200.00k
      Timestamp           07/14/2026 09:27:53 AM
      Step Count                        104  Switch Count  0



NOTE: No observations in data set WORK.BPH_DOSAGES.
NOTE: PROCEDURE UNIVARIATE used (Total process time):
      real time           0.01 seconds
      user cpu time       0.00 seconds
      system cpu time     0.00 seconds
      memory              323.09k
      OS Memory           30200.00k
      Timestamp           07/14/2026 09:27:53 AM
      Step Count                        105  Switch Count  0



NOTE: No observations in data set WORK.BPH_DOSAGES.
NOTE: PROCEDURE UNIVARIATE used (Total process time):
      real time           0.01 seconds
      user cpu time       0.00 seconds
      system cpu time     0.01 seconds
      memory              323.09k
      OS Memory           30200.00k
      Timestamp           07/14/2026 09:27:53 AM
      Step Count                        106  Switch Count  0



NOTE: No observations in data set WORK.BPH_DOSAGES.
NOTE: PROCEDURE UNIVARIATE used (Total process time):
      real time           0.00 seconds
      user cpu time       0.00 seconds
      system cpu time     0.00 seconds
      memory              323.09k
      OS Memory           30200.00k
      Timestamp           07/14/2026 09:27:53 AM
      Step Count                        107  Switch Count  0



NOTE: There were 0 observations read from the data set WORK.BPH_DOSAGES.
NOTE: The data set WORK.BPH_DOSAGES_MG has 0 observations and 21 variables.
NOTE: DATA statement used (Total process time):
      real time           0.01 seconds
      user cpu time       0.00 seconds
      system cpu time     0.00 seconds
      memory              583.26k
      OS Memory           30200.00k
      Timestamp           07/14/2026 09:27:53 AM
      Step Count                        108  Switch Count  0



NOTE: There were 0 observations read from the data set WORK.BPH_DOSAGES_MG.
NOTE: The data set WORK.BPH_TAM_CLEANING has 0 observations and 22 variables.
NOTE: DATA statement used (Total process time):
      real time           0.01 seconds
      user cpu time       0.00 seconds
      system cpu time     0.00 seconds
      memory              589.25k
      OS Memory           30200.00k
      Timestamp           07/14/2026 09:27:53 AM
      Step Count                        109  Switch Count  0



NOTE: No observations in data set WORK.BPH_TAM_CLEANING.
NOTE: PROCEDURE UNIVARIATE used (Total process time):
      real time           0.00 seconds
      user cpu time       0.00 seconds
      system cpu time     0.00 seconds
      memory              323.28k
      OS Memory           30200.00k
      Timestamp           07/14/2026 09:27:53 AM
      Step Count                        110  Switch Count  0


NOTE: Table WORK.BPH_TAM created, with 0 rows and 11 columns.

NOTE: PROCEDURE SQL used (Total process time):
      real time           0.05 seconds
      user cpu time       0.01 seconds
      system cpu time     0.03 seconds
      memory              8740.39k
      OS Memory           37092.00k
      Timestamp           07/14/2026 09:27:53 AM
      Step Count                        111  Switch Count  0


NOTE: PROCEDURE SQL used (Total process time):
      real time           0.01 seconds
      user cpu time       0.01 seconds
      system cpu time     0.00 seconds
      memory              5341.06k
      OS Memory           35324.00k
      Timestamp           07/14/2026 09:27:53 AM
      Step Count                        112  Switch Count  0


NOTE: Table WORK.PREVALENTUSERS created, with 0 rows and 1 columns.

NOTE: PROCEDURE SQL used (Total process time):
      real time           0.01 seconds
      user cpu time       0.00 seconds
      system cpu time     0.00 seconds
      memory              5366.60k
      OS Memory           35324.00k
      Timestamp           07/14/2026 09:27:53 AM
      Step Count                        113  Switch Count  0


NOTE: PROCEDURE SQL used (Total process time):
      real time           0.01 seconds
      user cpu time       0.01 seconds
      system cpu time     0.00 seconds
      memory              5339.06k
      OS Memory           35324.00k
      Timestamp           07/14/2026 09:27:53 AM
      Step Count                        114  Switch Count  0


NOTE: Table OUTPUT.RX_BPH_POSTSTART created, with 0 rows and 11 columns.

NOTE: PROCEDURE SQL used (Total process time):
      real time           0.04 seconds
      user cpu time       0.00 seconds
      system cpu time     0.00 seconds
      memory              5522.45k
      OS Memory           35324.00k
      Timestamp           07/14/2026 09:27:53 AM
      Step Count                        115  Switch Count  0


NOTE: PROCEDURE SQL used (Total process time):
      real time           0.04 seconds
      user cpu time       0.00 seconds
      system cpu time     0.01 seconds
      memory              5343.26k
      OS Memory           35324.00k
      Timestamp           07/14/2026 09:27:53 AM
      Step Count                        116  Switch Count  0


NOTE: Table OUTPUT.BPHEARLIESTDATE created, with 0 rows and 2 columns.

NOTE: PROCEDURE SQL used (Total process time):
      real time           0.05 seconds
      user cpu time       0.00 seconds
      system cpu time     0.03 seconds
      memory              5446.26k
      OS Memory           35324.00k
      Timestamp           07/14/2026 09:27:53 AM
      Step Count                        117  Switch Count  0


NOTE: Table OUTPUT.EARLIESTRXBPHALL created, with 0 rows and 9 columns.

NOTE: PROCEDURE SQL used (Total process time):
      real time           0.06 seconds
      user cpu time       0.00 seconds
      system cpu time     0.00 seconds
      memory              5526.57k
      OS Memory           35324.00k
      Timestamp           07/14/2026 09:27:54 AM
      Step Count                        118  Switch Count  0


NOTE: PROCEDURE SQL used (Total process time):
      real time           0.04 seconds
      user cpu time       0.01 seconds
      system cpu time     0.01 seconds
      memory              5342.37k
      OS Memory           35324.00k
      Timestamp           07/14/2026 09:27:54 AM
      Step Count                        119  Switch Count  0


NOTE: Table WORK.EXCLUDEMULTI created, with 0 rows and 1 columns.

NOTE: PROCEDURE SQL used (Total process time):
      real time           0.04 seconds
      user cpu time       0.00 seconds
      system cpu time     0.03 seconds
      memory              5499.78k
      OS Memory           35324.00k
      Timestamp           07/14/2026 09:27:54 AM
      Step Count                        120  Switch Count  0


NOTE: Table WORK.EARLIESTRXBPH_FILTERED created, with 0 rows and 9 columns.

NOTE: PROCEDURE SQL used (Total process time):
      real time           0.01 seconds
      user cpu time       0.00 seconds
      system cpu time     0.00 seconds
      memory              5500.14k
      OS Memory           35324.00k
      Timestamp           07/14/2026 09:27:54 AM
      Step Count                        121  Switch Count  0


WARNING: This CREATE TABLE statement recursively references the target table. A consequence of
         this is a possible data integrity problem.
NOTE: Table WORK.EARLIESTRXBPH_FILTERED created, with 0 rows and 9 columns.

NOTE: PROCEDURE SQL used (Total process time):
      real time           0.00 seconds
      user cpu time       0.00 seconds
      system cpu time     0.00 seconds
      memory              5344.12k
      OS Memory           35324.00k
      Timestamp           07/14/2026 09:27:54 AM
      Step Count                        122  Switch Count  0


NOTE: PROCEDURE SQL used (Total process time):
      real time           0.01 seconds
      user cpu time       0.01 seconds
      system cpu time     0.00 seconds
      memory              5340.17k
      OS Memory           35324.00k
      Timestamp           07/14/2026 09:27:54 AM
      Step Count                        123  Switch Count  0


NOTE: Table OUTPUT.BPHDRUGATC_1 created, with 0 rows and 11 columns.

NOTE: PROCEDURE SQL used (Total process time):
      real time           0.05 seconds
      user cpu time       0.00 seconds
      system cpu time     0.01 seconds
      memory              5563.78k
      OS Memory           35324.00k
      Timestamp           07/14/2026 09:27:54 AM
      Step Count                        124  Switch Count  0



734
735  %drugdata(in=rawdata.drugissue_2, out= output.bphdrugatc_2)
NOTE: Table CODELIST.TAMSULOSIN_CODES created, with 26 rows and 12 columns.

NOTE: PROCEDURE SQL used (Total process time):
      real time           0.40 seconds
      user cpu time       0.01 seconds
      system cpu time     0.01 seconds
      memory              5494.78k
      OS Memory           35324.00k
      Timestamp           07/14/2026 09:31:50 AM
      Step Count                        125  Switch Count  0


NOTE: Table OUTPUT.TAMSULOSIN_DRUGS created, with 5116856 rows and 8 columns.

NOTE: PROCEDURE SQL used (Total process time):
      real time           2:15.01
      user cpu time       30.26 seconds
      system cpu time     8.65 seconds
      memory              5650.17k
      OS Memory           35324.00k
      Timestamp           07/14/2026 09:34:05 AM
      Step Count                        126  Switch Count  0


NOTE: Table CODELIST.FINASTERIDE_MONO1_CODES created, with 3 rows and 12 columns.

NOTE: PROCEDURE SQL used (Total process time):
      real time           0.40 seconds
      user cpu time       0.00 seconds
      system cpu time     0.04 seconds
      memory              5494.78k
      OS Memory           35324.00k
      Timestamp           07/14/2026 09:34:06 AM
      Step Count                        127  Switch Count  0


NOTE: Table OUTPUT.FINASTERIDE_MONO1_DRUGS created, with 2949886 rows and 8 columns.

NOTE: PROCEDURE SQL used (Total process time):
      real time           2:11.02
      user cpu time       30.00 seconds
      system cpu time     8.84 seconds
      memory              5650.17k
      OS Memory           35324.00k
      Timestamp           07/14/2026 09:36:17 AM
      Step Count                        128  Switch Count  0


NOTE: Table CODELIST.FINASTERIDE_MONO2_CODES created, with 3 rows and 12 columns.

NOTE: PROCEDURE SQL used (Total process time):
      real time           0.56 seconds
      user cpu time       0.00 seconds
      system cpu time     0.01 seconds
      memory              5494.78k
      OS Memory           35324.00k
      Timestamp           07/14/2026 09:36:17 AM
      Step Count                        129  Switch Count  0


NOTE: Table OUTPUT.FINASTERIDE_MONO2_DRUGS created, with 2334 rows and 8 columns.

NOTE: PROCEDURE SQL used (Total process time):
      real time           2:06.37
      user cpu time       29.67 seconds
      system cpu time     6.89 seconds
      memory              5650.17k
      OS Memory           35324.00k
      Timestamp           07/14/2026 09:38:24 AM
      Step Count                        130  Switch Count  0


NOTE: Table CODELIST.FINASTERIDE_POLY1_CODES created, with 0 rows and 12 columns.

NOTE: PROCEDURE SQL used (Total process time):
      real time           0.40 seconds
      user cpu time       0.00 seconds
      system cpu time     0.03 seconds
      memory              5494.78k
      OS Memory           35324.00k
      Timestamp           07/14/2026 09:38:24 AM
      Step Count                        131  Switch Count  0


NOTE: Table OUTPUT.FINASTERIDE_POLY1_DRUGS created, with 0 rows and 8 columns.

NOTE: PROCEDURE SQL used (Total process time):
      real time           0.07 seconds
      user cpu time       0.00 seconds
      system cpu time     0.03 seconds
      memory              5650.17k
      OS Memory           35324.00k
      Timestamp           07/14/2026 09:38:24 AM
      Step Count                        132  Switch Count  0


NOTE: Table CODELIST.FINASTERIDE_POLY2_CODES created, with 0 rows and 12 columns.

NOTE: PROCEDURE SQL used (Total process time):
      real time           0.07 seconds
      user cpu time       0.00 seconds
      system cpu time     0.03 seconds
      memory              5494.78k
      OS Memory           35324.00k
      Timestamp           07/14/2026 09:38:24 AM
      Step Count                        133  Switch Count  0


NOTE: Table OUTPUT.FINASTERIDE_POLY2_DRUGS created, with 0 rows and 8 columns.

NOTE: PROCEDURE SQL used (Total process time):
      real time           0.07 seconds
      user cpu time       0.01 seconds
      system cpu time     0.01 seconds
      memory              5650.17k
      OS Memory           35324.00k
      Timestamp           07/14/2026 09:38:24 AM
      Step Count                        134  Switch Count  0


NOTE: Table CODELIST.ALFUZOSIN_CODES created, with 12 rows and 12 columns.

NOTE: PROCEDURE SQL used (Total process time):
      real time           0.08 seconds
      user cpu time       0.00 seconds
      system cpu time     0.03 seconds
      memory              5494.78k
      OS Memory           35324.00k
      Timestamp           07/14/2026 09:38:24 AM
      Step Count                        135  Switch Count  0


NOTE: Table OUTPUT.ALFUZOSIN_DRUGS created, with 622243 rows and 8 columns.

NOTE: PROCEDURE SQL used (Total process time):
      real time           2:11.38
      user cpu time       29.29 seconds
      system cpu time     8.32 seconds
      memory              5650.17k
      OS Memory           35324.00k
      Timestamp           07/14/2026 09:40:36 AM
      Step Count                        136  Switch Count  0


NOTE: Table CODELIST.ALFU_FINI_CODES created, with 0 rows and 12 columns.

NOTE: PROCEDURE SQL used (Total process time):
      real time           0.37 seconds
      user cpu time       0.01 seconds
      system cpu time     0.04 seconds
      memory              5494.78k
      OS Memory           35324.00k
      Timestamp           07/14/2026 09:40:36 AM
      Step Count                        137  Switch Count  0


NOTE: Table OUTPUT.ALFU_FINI_DRUGS created, with 0 rows and 8 columns.

NOTE: PROCEDURE SQL used (Total process time):
      real time           0.07 seconds
      user cpu time       0.00 seconds
      system cpu time     0.00 seconds
      memory              5650.17k
      OS Memory           35324.00k
      Timestamp           07/14/2026 09:40:36 AM
      Step Count                        138  Switch Count  0


ERROR: File OUTPUT.FINISTERIDE_POLY1_DRUGS.DATA does not exist.
ERROR: File OUTPUT.FINISTERIDE_POLY2_DRUGS.DATA does not exist.

NOTE: The SAS System stopped processing this step because of errors.
WARNING: The data set WORK.APPENDED_DRUGS may be incomplete.  When this step was stopped there
         were 0 observations and 9 variables.
WARNING: Data set WORK.APPENDED_DRUGS was not replaced because this step was stopped.
NOTE: DATA statement used (Total process time):
      real time           0.15 seconds
      user cpu time       0.00 seconds
      system cpu time     0.03 seconds
      memory              1448.42k
      OS Memory           30456.00k
      Timestamp           07/14/2026 09:40:36 AM
      Step Count                        139  Switch Count  0




NOTE: There were 0 observations read from the data set WORK.APPENDED_DRUGS.
      WHERE exposure not = 99;
NOTE: The data set WORK.APPENDED_DRUGS_2 has 0 observations and 9 variables.
NOTE: DATA statement used (Total process time):
      real time           0.01 seconds
      user cpu time       0.00 seconds
      system cpu time     0.00 seconds
      memory              578.03k
      OS Memory           30200.00k
      Timestamp           07/14/2026 09:40:37 AM
      Step Count                        140  Switch Count  0



NOTE: There were 0 observations read from the data set WORK.APPENDED_DRUGS_2.
NOTE: The data set OUTPUT.BPH_DRUGS has 0 observations and 10 variables.
NOTE: DATA statement used (Total process time):
      real time           0.05 seconds
      user cpu time       0.00 seconds
      system cpu time     0.01 seconds
      memory              590.67k
      OS Memory           30200.00k
      Timestamp           07/14/2026 09:40:37 AM
      Step Count                        141  Switch Count  0


NOTE: PROCEDURE SQL used (Total process time):
      real time           0.04 seconds
      user cpu time       0.00 seconds
      system cpu time     0.00 seconds
      memory              5343.26k
      OS Memory           35324.00k
      Timestamp           07/14/2026 09:40:37 AM
      Step Count                        142  Switch Count  0



NOTE: Input data set is already sorted, no sorting done.
NOTE: PROCEDURE SORT used (Total process time):
      real time           0.01 seconds
      user cpu time       0.00 seconds
      system cpu time     0.00 seconds
      memory              348.73k
      OS Memory           30200.00k
      Timestamp           07/14/2026 09:40:37 AM
      Step Count                        143  Switch Count  0



NOTE: Input data set is empty.
NOTE: The data set OUTPUT.BPH_DRUGS has 0 observations and 10 variables.
NOTE: PROCEDURE SORT used (Total process time):
      real time           0.02 seconds
      user cpu time       0.00 seconds
      system cpu time     0.00 seconds
      memory              445.62k
      OS Memory           30200.00k
      Timestamp           07/14/2026 09:40:37 AM
      Step Count                        144  Switch Count  0



NOTE: There were 139672 observations read from the data set CODELIST.COMMON_DOSAGES_AURUM_DEC2025.
NOTE: There were 0 observations read from the data set OUTPUT.BPH_DRUGS.
NOTE: The data set WORK.BPH_DOSAGES has 0 observations and 20 variables.
NOTE: DATA statement used (Total process time):
      real time           0.19 seconds
      user cpu time       0.00 seconds
      system cpu time     0.00 seconds
      memory              994.95k
      OS Memory           30200.00k
      Timestamp           07/14/2026 09:40:37 AM
      Step Count                        145  Switch Count  0



NOTE: No observations in data set WORK.BPH_DOSAGES.
NOTE: PROCEDURE UNIVARIATE used (Total process time):
      real time           0.01 seconds
      user cpu time       0.00 seconds
      system cpu time     0.01 seconds
      memory              324.12k
      OS Memory           30200.00k
      Timestamp           07/14/2026 09:40:37 AM
      Step Count                        146  Switch Count  0



NOTE: No observations in data set WORK.BPH_DOSAGES.
NOTE: PROCEDURE UNIVARIATE used (Total process time):
      real time           0.01 seconds
      user cpu time       0.00 seconds
      system cpu time     0.01 seconds
      memory              324.21k
      OS Memory           30200.00k
      Timestamp           07/14/2026 09:40:37 AM
      Step Count                        147  Switch Count  0



NOTE: No observations in data set WORK.BPH_DOSAGES.
NOTE: PROCEDURE UNIVARIATE used (Total process time):
      real time           0.00 seconds
      user cpu time       0.00 seconds
      system cpu time     0.00 seconds
      memory              324.12k
      OS Memory           30200.00k
      Timestamp           07/14/2026 09:40:37 AM
      Step Count                        148  Switch Count  0



NOTE: There were 0 observations read from the data set WORK.BPH_DOSAGES.
NOTE: The data set WORK.BPH_DOSAGES_MG has 0 observations and 21 variables.
NOTE: DATA statement used (Total process time):
      real time           0.01 seconds
      user cpu time       0.00 seconds
      system cpu time     0.00 seconds
      memory              583.34k
      OS Memory           30200.00k
      Timestamp           07/14/2026 09:40:37 AM
      Step Count                        149  Switch Count  0



NOTE: There were 0 observations read from the data set WORK.BPH_DOSAGES_MG.
NOTE: The data set WORK.BPH_TAM_CLEANING has 0 observations and 22 variables.
NOTE: DATA statement used (Total process time):
      real time           0.01 seconds
      user cpu time       0.00 seconds
      system cpu time     0.00 seconds
      memory              589.25k
      OS Memory           30200.00k
      Timestamp           07/14/2026 09:40:37 AM
      Step Count                        150  Switch Count  0



NOTE: No observations in data set WORK.BPH_TAM_CLEANING.
NOTE: PROCEDURE UNIVARIATE used (Total process time):
      real time           0.00 seconds
      user cpu time       0.00 seconds
      system cpu time     0.00 seconds
      memory              324.21k
      OS Memory           30200.00k
      Timestamp           07/14/2026 09:40:37 AM
      Step Count                        151  Switch Count  0


NOTE: Table WORK.BPH_TAM created, with 0 rows and 11 columns.

NOTE: PROCEDURE SQL used (Total process time):
      real time           0.05 seconds
      user cpu time       0.01 seconds
      system cpu time     0.03 seconds
      memory              8740.20k
      OS Memory           37092.00k
      Timestamp           07/14/2026 09:40:37 AM
      Step Count                        152  Switch Count  0


NOTE: PROCEDURE SQL used (Total process time):
      real time           0.01 seconds
      user cpu time       0.00 seconds
      system cpu time     0.00 seconds
      memory              5341.06k
      OS Memory           35324.00k
      Timestamp           07/14/2026 09:40:37 AM
      Step Count                        153  Switch Count  0


NOTE: Table WORK.PREVALENTUSERS created, with 0 rows and 1 columns.

NOTE: PROCEDURE SQL used (Total process time):
      real time           0.01 seconds
      user cpu time       0.00 seconds
      system cpu time     0.00 seconds
      memory              5366.25k
      OS Memory           35324.00k
      Timestamp           07/14/2026 09:40:37 AM
      Step Count                        154  Switch Count  0


NOTE: PROCEDURE SQL used (Total process time):
      real time           0.02 seconds
      user cpu time       0.00 seconds
      system cpu time     0.01 seconds
      memory              5339.06k
      OS Memory           35324.00k
      Timestamp           07/14/2026 09:40:37 AM
      Step Count                        155  Switch Count  0


NOTE: Table OUTPUT.RX_BPH_POSTSTART created, with 0 rows and 11 columns.

NOTE: PROCEDURE SQL used (Total process time):
      real time           0.05 seconds
      user cpu time       0.01 seconds
      system cpu time     0.00 seconds
      memory              5522.29k
      OS Memory           35324.00k
      Timestamp           07/14/2026 09:40:37 AM
      Step Count                        156  Switch Count  0


NOTE: PROCEDURE SQL used (Total process time):
      real time           0.04 seconds
      user cpu time       0.00 seconds
      system cpu time     0.01 seconds
      memory              5343.26k
      OS Memory           35324.00k
      Timestamp           07/14/2026 09:40:37 AM
      Step Count                        157  Switch Count  0


NOTE: Table OUTPUT.BPHEARLIESTDATE created, with 0 rows and 2 columns.

NOTE: PROCEDURE SQL used (Total process time):
      real time           0.05 seconds
      user cpu time       0.01 seconds
      system cpu time     0.03 seconds
      memory              5446.10k
      OS Memory           35324.00k
      Timestamp           07/14/2026 09:40:37 AM
      Step Count                        158  Switch Count  0


NOTE: Table OUTPUT.EARLIESTRXBPHALL created, with 0 rows and 9 columns.

NOTE: PROCEDURE SQL used (Total process time):
      real time           0.07 seconds
      user cpu time       0.00 seconds
      system cpu time     0.01 seconds
      memory              5526.42k
      OS Memory           35324.00k
      Timestamp           07/14/2026 09:40:37 AM
      Step Count                        159  Switch Count  0


NOTE: PROCEDURE SQL used (Total process time):
      real time           0.04 seconds
      user cpu time       0.00 seconds
      system cpu time     0.01 seconds
      memory              5342.37k
      OS Memory           35324.00k
      Timestamp           07/14/2026 09:40:38 AM
      Step Count                        160  Switch Count  0


NOTE: Table WORK.EXCLUDEMULTI created, with 0 rows and 1 columns.

NOTE: PROCEDURE SQL used (Total process time):
      real time           0.04 seconds
      user cpu time       0.01 seconds
      system cpu time     0.01 seconds
      memory              5499.57k
      OS Memory           35324.00k
      Timestamp           07/14/2026 09:40:38 AM
      Step Count                        161  Switch Count  0


NOTE: Table WORK.EARLIESTRXBPH_FILTERED created, with 0 rows and 9 columns.

NOTE: PROCEDURE SQL used (Total process time):
      real time           0.02 seconds
      user cpu time       0.01 seconds
      system cpu time     0.00 seconds
      memory              5499.96k
      OS Memory           35324.00k
      Timestamp           07/14/2026 09:40:38 AM
      Step Count                        162  Switch Count  0


WARNING: This CREATE TABLE statement recursively references the target table. A consequence of
         this is a possible data integrity problem.
NOTE: Table WORK.EARLIESTRXBPH_FILTERED created, with 0 rows and 9 columns.

NOTE: PROCEDURE SQL used (Total process time):
      real time           0.01 seconds
      user cpu time       0.00 seconds
      system cpu time     0.01 seconds
      memory              5343.96k
      OS Memory           35324.00k
      Timestamp           07/14/2026 09:40:38 AM
      Step Count                        163  Switch Count  0


NOTE: PROCEDURE SQL used (Total process time):
      real time           0.01 seconds
      user cpu time       0.00 seconds
      system cpu time     0.00 seconds
      memory              5340.17k
      OS Memory           35324.00k
      Timestamp           07/14/2026 09:40:38 AM
      Step Count                        164  Switch Count  0


NOTE: Table OUTPUT.BPHDRUGATC_2 created, with 0 rows and 11 columns.

NOTE: PROCEDURE SQL used (Total process time):
      real time           0.05 seconds
      user cpu time       0.00 seconds
      system cpu time     0.01 seconds
      memory              5563.68k
      OS Memory           35324.00k
      Timestamp           07/14/2026 09:40:38 AM
      Step Count                        165  Switch Count  0



736
737  %drugdata(in=rawdata.drugissue_3, out= output.bphdrugatc_3)
NOTE: Table CODELIST.TAMSULOSIN_CODES created, with 26 rows and 12 columns.

NOTE: PROCEDURE SQL used (Total process time):
      real time           0.45 seconds
      user cpu time       0.00 seconds
      system cpu time     0.00 seconds
      memory              5494.62k
      OS Memory           35324.00k
      Timestamp           07/14/2026 09:46:41 AM
      Step Count                        166  Switch Count  0


NOTE: Table OUTPUT.TAMSULOSIN_DRUGS created, with 5162066 rows and 8 columns.

NOTE: PROCEDURE SQL used (Total process time):
      real time           2:14.61
      user cpu time       29.59 seconds
      system cpu time     7.46 seconds
      memory              5650.01k
      OS Memory           35324.00k
      Timestamp           07/14/2026 09:48:56 AM
      Step Count                        167  Switch Count  0


NOTE: Table CODELIST.FINASTERIDE_MONO1_CODES created, with 3 rows and 12 columns.

NOTE: PROCEDURE SQL used (Total process time):
      real time           0.64 seconds
      user cpu time       0.01 seconds
      system cpu time     0.01 seconds
      memory              5494.62k
      OS Memory           35324.00k
      Timestamp           07/14/2026 09:48:57 AM
      Step Count                        168  Switch Count  0


NOTE: Table OUTPUT.FINASTERIDE_MONO1_DRUGS created, with 2883487 rows and 8 columns.

NOTE: PROCEDURE SQL used (Total process time):
      real time           2:07.42
      user cpu time       28.50 seconds
      system cpu time     7.43 seconds
      memory              5650.01k
      OS Memory           35324.00k
      Timestamp           07/14/2026 09:51:04 AM
      Step Count                        169  Switch Count  0


NOTE: Table CODELIST.FINASTERIDE_MONO2_CODES created, with 3 rows and 12 columns.

NOTE: PROCEDURE SQL used (Total process time):
      real time           0.46 seconds
      user cpu time       0.01 seconds
      system cpu time     0.04 seconds
      memory              5494.62k
      OS Memory           35324.00k
      Timestamp           07/14/2026 09:51:05 AM
      Step Count                        170  Switch Count  0


NOTE: Table OUTPUT.FINASTERIDE_MONO2_DRUGS created, with 2200 rows and 8 columns.

NOTE: PROCEDURE SQL used (Total process time):
      real time           2:03.03
      user cpu time       29.14 seconds
      system cpu time     7.32 seconds
      memory              5650.01k
      OS Memory           35324.00k
      Timestamp           07/14/2026 09:53:08 AM
      Step Count                        171  Switch Count  0


NOTE: Table CODELIST.FINASTERIDE_POLY1_CODES created, with 0 rows and 12 columns.

NOTE: PROCEDURE SQL used (Total process time):
      real time           0.39 seconds
      user cpu time       0.03 seconds
      system cpu time     0.04 seconds
      memory              5494.62k
      OS Memory           35324.00k
      Timestamp           07/14/2026 09:53:08 AM
      Step Count                        172  Switch Count  0


NOTE: Table OUTPUT.FINASTERIDE_POLY1_DRUGS created, with 0 rows and 8 columns.

NOTE: PROCEDURE SQL used (Total process time):
      real time           0.07 seconds
      user cpu time       0.00 seconds
      system cpu time     0.01 seconds
      memory              5650.01k
      OS Memory           35324.00k
      Timestamp           07/14/2026 09:53:08 AM
      Step Count                        173  Switch Count  0


NOTE: Table CODELIST.FINASTERIDE_POLY2_CODES created, with 0 rows and 12 columns.

NOTE: PROCEDURE SQL used (Total process time):
      real time           0.07 seconds
      user cpu time       0.01 seconds
      system cpu time     0.01 seconds
      memory              5494.62k
      OS Memory           35324.00k
      Timestamp           07/14/2026 09:53:08 AM
      Step Count                        174  Switch Count  0


NOTE: Table OUTPUT.FINASTERIDE_POLY2_DRUGS created, with 0 rows and 8 columns.

NOTE: PROCEDURE SQL used (Total process time):
      real time           0.06 seconds
      user cpu time       0.00 seconds
      system cpu time     0.01 seconds
      memory              5650.01k
      OS Memory           35324.00k
      Timestamp           07/14/2026 09:53:08 AM
      Step Count                        175  Switch Count  0


NOTE: Table CODELIST.ALFUZOSIN_CODES created, with 12 rows and 12 columns.

NOTE: PROCEDURE SQL used (Total process time):
      real time           0.07 seconds
      user cpu time       0.00 seconds
      system cpu time     0.04 seconds
      memory              5494.62k
      OS Memory           35324.00k
      Timestamp           07/14/2026 09:53:08 AM
      Step Count                        176  Switch Count  0


NOTE: Table OUTPUT.ALFUZOSIN_DRUGS created, with 525590 rows and 8 columns.

NOTE: PROCEDURE SQL used (Total process time):
      real time           2:09.00
      user cpu time       28.09 seconds
      system cpu time     7.51 seconds
      memory              5650.01k
      OS Memory           35324.00k
      Timestamp           07/14/2026 09:55:17 AM
      Step Count                        177  Switch Count  0


NOTE: Table CODELIST.ALFU_FINI_CODES created, with 0 rows and 12 columns.

NOTE: PROCEDURE SQL used (Total process time):
      real time           0.73 seconds
      user cpu time       0.00 seconds
      system cpu time     0.04 seconds
      memory              5494.62k
      OS Memory           35324.00k
      Timestamp           07/14/2026 09:55:18 AM
      Step Count                        178  Switch Count  0


NOTE: Table OUTPUT.ALFU_FINI_DRUGS created, with 0 rows and 8 columns.

NOTE: PROCEDURE SQL used (Total process time):
      real time           0.08 seconds
      user cpu time       0.01 seconds
      system cpu time     0.01 seconds
      memory              5650.01k
      OS Memory           35324.00k
      Timestamp           07/14/2026 09:55:18 AM
      Step Count                        179  Switch Count  0


ERROR: File OUTPUT.FINISTERIDE_POLY1_DRUGS.DATA does not exist.
ERROR: File OUTPUT.FINISTERIDE_POLY2_DRUGS.DATA does not exist.

NOTE: The SAS System stopped processing this step because of errors.
WARNING: The data set WORK.APPENDED_DRUGS may be incomplete.  When this step was stopped there
         were 0 observations and 9 variables.
WARNING: Data set WORK.APPENDED_DRUGS was not replaced because this step was stopped.
NOTE: DATA statement used (Total process time):
      real time           0.12 seconds
      user cpu time       0.00 seconds
      system cpu time     0.01 seconds
      memory              1448.51k
      OS Memory           30456.00k
      Timestamp           07/14/2026 09:55:18 AM
      Step Count                        180  Switch Count  0




NOTE: There were 0 observations read from the data set WORK.APPENDED_DRUGS.
      WHERE exposure not = 99;
NOTE: The data set WORK.APPENDED_DRUGS_2 has 0 observations and 9 variables.
NOTE: DATA statement used (Total process time):
      real time           0.01 seconds
      user cpu time       0.00 seconds
      system cpu time     0.01 seconds
      memory              576.68k
      OS Memory           30200.00k
      Timestamp           07/14/2026 09:55:18 AM
      Step Count                        181  Switch Count  0



NOTE: There were 0 observations read from the data set WORK.APPENDED_DRUGS_2.
NOTE: The data set OUTPUT.BPH_DRUGS has 0 observations and 10 variables.
NOTE: DATA statement used (Total process time):
      real time           0.05 seconds
      user cpu time       0.00 seconds
      system cpu time     0.00 seconds
      memory              590.79k
      OS Memory           30200.00k
      Timestamp           07/14/2026 09:55:18 AM
      Step Count                        182  Switch Count  0


NOTE: PROCEDURE SQL used (Total process time):
      real time           0.04 seconds
      user cpu time       0.00 seconds
      system cpu time     0.00 seconds
      memory              5343.26k
      OS Memory           35324.00k
      Timestamp           07/14/2026 09:55:19 AM
      Step Count                        183  Switch Count  0



NOTE: Input data set is already sorted, no sorting done.
NOTE: PROCEDURE SORT used (Total process time):
      real time           0.02 seconds
      user cpu time       0.00 seconds
      system cpu time     0.00 seconds
      memory              348.85k
      OS Memory           30200.00k
      Timestamp           07/14/2026 09:55:19 AM
      Step Count                        184  Switch Count  0



NOTE: Input data set is empty.
NOTE: The data set OUTPUT.BPH_DRUGS has 0 observations and 10 variables.
NOTE: PROCEDURE SORT used (Total process time):
      real time           0.02 seconds
      user cpu time       0.00 seconds
      system cpu time     0.00 seconds
      memory              445.62k
      OS Memory           30200.00k
      Timestamp           07/14/2026 09:55:19 AM
      Step Count                        185  Switch Count  0



NOTE: There were 139672 observations read from the data set CODELIST.COMMON_DOSAGES_AURUM_DEC2025.
NOTE: There were 0 observations read from the data set OUTPUT.BPH_DRUGS.
NOTE: The data set WORK.BPH_DOSAGES has 0 observations and 20 variables.
NOTE: DATA statement used (Total process time):
      real time           0.19 seconds
      user cpu time       0.04 seconds
      system cpu time     0.00 seconds
      memory              994.76k
      OS Memory           30200.00k
      Timestamp           07/14/2026 09:55:19 AM
      Step Count                        186  Switch Count  0



NOTE: No observations in data set WORK.BPH_DOSAGES.
NOTE: PROCEDURE UNIVARIATE used (Total process time):
      real time           0.00 seconds
      user cpu time       0.00 seconds
      system cpu time     0.00 seconds
      memory              323.09k
      OS Memory           30200.00k
      Timestamp           07/14/2026 09:55:19 AM
      Step Count                        187  Switch Count  0



NOTE: No observations in data set WORK.BPH_DOSAGES.
NOTE: PROCEDURE UNIVARIATE used (Total process time):
      real time           0.00 seconds
      user cpu time       0.00 seconds
      system cpu time     0.00 seconds
      memory              323.09k
      OS Memory           30200.00k
      Timestamp           07/14/2026 09:55:19 AM
      Step Count                        188  Switch Count  0



NOTE: No observations in data set WORK.BPH_DOSAGES.
NOTE: PROCEDURE UNIVARIATE used (Total process time):
      real time           0.00 seconds
      user cpu time       0.00 seconds
      system cpu time     0.00 seconds
      memory              323.09k
      OS Memory           30200.00k
      Timestamp           07/14/2026 09:55:19 AM
      Step Count                        189  Switch Count  0



NOTE: There were 0 observations read from the data set WORK.BPH_DOSAGES.
NOTE: The data set WORK.BPH_DOSAGES_MG has 0 observations and 21 variables.
NOTE: DATA statement used (Total process time):
      real time           0.00 seconds
      user cpu time       0.00 seconds
      system cpu time     0.00 seconds
      memory              583.43k
      OS Memory           30200.00k
      Timestamp           07/14/2026 09:55:19 AM
      Step Count                        190  Switch Count  0



NOTE: There were 0 observations read from the data set WORK.BPH_DOSAGES_MG.
NOTE: The data set WORK.BPH_TAM_CLEANING has 0 observations and 22 variables.
NOTE: DATA statement used (Total process time):
      real time           0.01 seconds
      user cpu time       0.01 seconds
      system cpu time     0.00 seconds
      memory              589.10k
      OS Memory           30200.00k
      Timestamp           07/14/2026 09:55:19 AM
      Step Count                        191  Switch Count  0



NOTE: No observations in data set WORK.BPH_TAM_CLEANING.
NOTE: PROCEDURE UNIVARIATE used (Total process time):
      real time           0.01 seconds
      user cpu time       0.00 seconds
      system cpu time     0.01 seconds
      memory              323.28k
      OS Memory           30200.00k
      Timestamp           07/14/2026 09:55:19 AM
      Step Count                        192  Switch Count  0


NOTE: Table WORK.BPH_TAM created, with 0 rows and 11 columns.

NOTE: PROCEDURE SQL used (Total process time):
      real time           0.04 seconds
      user cpu time       0.00 seconds
      system cpu time     0.01 seconds
      memory              8738.75k
      OS Memory           37092.00k
      Timestamp           07/14/2026 09:55:19 AM
      Step Count                        193  Switch Count  0


NOTE: PROCEDURE SQL used (Total process time):
      real time           0.02 seconds
      user cpu time       0.00 seconds
      system cpu time     0.01 seconds
      memory              5341.06k
      OS Memory           35324.00k
      Timestamp           07/14/2026 09:55:19 AM
      Step Count                        194  Switch Count  0


NOTE: Table WORK.PREVALENTUSERS created, with 0 rows and 1 columns.

NOTE: PROCEDURE SQL used (Total process time):
      real time           0.01 seconds
      user cpu time       0.00 seconds
      system cpu time     0.01 seconds
      memory              5366.45k
      OS Memory           35324.00k
      Timestamp           07/14/2026 09:55:19 AM
      Step Count                        195  Switch Count  0


NOTE: PROCEDURE SQL used (Total process time):
      real time           0.02 seconds
      user cpu time       0.00 seconds
      system cpu time     0.01 seconds
      memory              5339.06k
      OS Memory           35324.00k
      Timestamp           07/14/2026 09:55:19 AM
      Step Count                        196  Switch Count  0


NOTE: Table OUTPUT.RX_BPH_POSTSTART created, with 0 rows and 11 columns.

NOTE: PROCEDURE SQL used (Total process time):
      real time           0.25 seconds
      user cpu time       0.01 seconds
      system cpu time     0.01 seconds
      memory              5522.15k
      OS Memory           35324.00k
      Timestamp           07/14/2026 09:55:19 AM
      Step Count                        197  Switch Count  0


NOTE: PROCEDURE SQL used (Total process time):
      real time           0.04 seconds
      user cpu time       0.00 seconds
      system cpu time     0.01 seconds
      memory              5343.26k
      OS Memory           35324.00k
      Timestamp           07/14/2026 09:55:19 AM
      Step Count                        198  Switch Count  0


NOTE: Table OUTPUT.BPHEARLIESTDATE created, with 0 rows and 2 columns.

NOTE: PROCEDURE SQL used (Total process time):
      real time           0.37 seconds
      user cpu time       0.00 seconds
      system cpu time     0.01 seconds
      memory              5446.06k
      OS Memory           35324.00k
      Timestamp           07/14/2026 09:55:20 AM
      Step Count                        199  Switch Count  0


NOTE: Table OUTPUT.EARLIESTRXBPHALL created, with 0 rows and 9 columns.

NOTE: PROCEDURE SQL used (Total process time):
      real time           0.07 seconds
      user cpu time       0.00 seconds
      system cpu time     0.03 seconds
      memory              5526.42k
      OS Memory           35324.00k
      Timestamp           07/14/2026 09:55:20 AM
      Step Count                        200  Switch Count  0


NOTE: PROCEDURE SQL used (Total process time):
      real time           0.02 seconds
      user cpu time       0.01 seconds
      system cpu time     0.00 seconds
      memory              5342.37k
      OS Memory           35324.00k
      Timestamp           07/14/2026 09:55:20 AM
      Step Count                        201  Switch Count  0


NOTE: Table WORK.EXCLUDEMULTI created, with 0 rows and 1 columns.

NOTE: PROCEDURE SQL used (Total process time):
      real time           0.01 seconds
      user cpu time       0.00 seconds
      system cpu time     0.01 seconds
      memory              5499.48k
      OS Memory           35324.00k
      Timestamp           07/14/2026 09:55:20 AM
      Step Count                        202  Switch Count  0


NOTE: Table WORK.EARLIESTRXBPH_FILTERED created, with 0 rows and 9 columns.

NOTE: PROCEDURE SQL used (Total process time):
      real time           0.01 seconds
      user cpu time       0.00 seconds
      system cpu time     0.01 seconds
      memory              5499.84k
      OS Memory           35324.00k
      Timestamp           07/14/2026 09:55:20 AM
      Step Count                        203  Switch Count  0


WARNING: This CREATE TABLE statement recursively references the target table. A consequence of
         this is a possible data integrity problem.
NOTE: Table WORK.EARLIESTRXBPH_FILTERED created, with 0 rows and 9 columns.

NOTE: PROCEDURE SQL used (Total process time):
      real time           0.01 seconds
      user cpu time       0.01 seconds
      system cpu time     0.00 seconds
      memory              5343.96k
      OS Memory           35324.00k
      Timestamp           07/14/2026 09:55:20 AM
      Step Count                        204  Switch Count  0


NOTE: PROCEDURE SQL used (Total process time):
      real time           0.02 seconds
      user cpu time       0.00 seconds
      system cpu time     0.01 seconds
      memory              5340.17k
      OS Memory           35324.00k
      Timestamp           07/14/2026 09:55:20 AM
      Step Count                        205  Switch Count  0


NOTE: Table OUTPUT.BPHDRUGATC_3 created, with 0 rows and 11 columns.

NOTE: PROCEDURE SQL used (Total process time):
      real time           0.05 seconds
      user cpu time       0.00 seconds
      system cpu time     0.01 seconds
      memory              5563.71k
      OS Memory           35324.00k
      Timestamp           07/14/2026 09:55:20 AM
      Step Count                        206  Switch Count  0



738
739  proc datasets library = work kill nolist;
NOTE: Deleting WORK.APPENDED_DRUGS (memtype=DATA).
NOTE: Deleting WORK.APPENDED_DRUGS_2 (memtype=DATA).
NOTE: Deleting WORK.BPH_DOSAGES (memtype=DATA).
NOTE: Deleting WORK.BPH_DOSAGES_MG (memtype=DATA).
NOTE: Deleting WORK.BPH_TAM (memtype=DATA).
NOTE: Deleting WORK.BPH_TAM_CLEANING (memtype=DATA).
NOTE: Deleting WORK.EARLIESTRXBPH_FILTERED (memtype=DATA).
NOTE: Deleting WORK.EXCLUDEMULTI (memtype=DATA).
NOTE: Deleting WORK.PREVALENTUSERS (memtype=DATA).
NOTE: Deleting WORK.SASMACR (memtype=CATALOG).
NOTE: File WORK.SASMACR (memtype=CATALOG) cannot be deleted because it is in use.
740  run;

741  quit;

NOTE: PROCEDURE DATASETS used (Total process time):
      real time           0.02 seconds
      user cpu time       0.00 seconds
      system cpu time     0.03 seconds
      memory              232.04k
      OS Memory           30200.00k
      Timestamp           07/14/2026 09:56:14 AM
      Step Count                        207  Switch Count  0


742
743  %drugdata(in=rawdata.drugissue_4, out= output.bphdrugatc_4)
NOTE: Table CODELIST.TAMSULOSIN_CODES created, with 26 rows and 12 columns.

NOTE: PROCEDURE SQL used (Total process time):
      real time           0.40 seconds
      user cpu time       0.01 seconds
      system cpu time     0.01 seconds
      memory              5494.62k
      OS Memory           35324.00k
      Timestamp           07/14/2026 09:56:14 AM
      Step Count                        208  Switch Count  0


NOTE: Table OUTPUT.TAMSULOSIN_DRUGS created, with 5314077 rows and 8 columns.

NOTE: PROCEDURE SQL used (Total process time):
      real time           2:13.75
      user cpu time       30.00 seconds
      system cpu time     8.45 seconds
      memory              5650.01k
      OS Memory           35324.00k
      Timestamp           07/14/2026 09:58:28 AM
      Step Count                        209  Switch Count  0


NOTE: Table CODELIST.FINASTERIDE_MONO1_CODES created, with 3 rows and 12 columns.

NOTE: PROCEDURE SQL used (Total process time):
      real time           0.42 seconds
      user cpu time       0.01 seconds
      system cpu time     0.06 seconds
      memory              5494.62k
      OS Memory           35324.00k
      Timestamp           07/14/2026 09:58:28 AM
      Step Count                        210  Switch Count  0


NOTE: Table OUTPUT.FINASTERIDE_MONO1_DRUGS created, with 2869341 rows and 8 columns.

NOTE: PROCEDURE SQL used (Total process time):
      real time           2:14.40
      user cpu time       30.20 seconds
      system cpu time     7.73 seconds
      memory              5650.01k
      OS Memory           35324.00k
      Timestamp           07/14/2026 10:00:43 AM
      Step Count                        211  Switch Count  0


NOTE: Table CODELIST.FINASTERIDE_MONO2_CODES created, with 3 rows and 12 columns.

NOTE: PROCEDURE SQL used (Total process time):
      real time           0.40 seconds
      user cpu time       0.01 seconds
      system cpu time     0.03 seconds
      memory              5494.62k
      OS Memory           35324.00k
      Timestamp           07/14/2026 10:00:43 AM
      Step Count                        212  Switch Count  0


NOTE: Table OUTPUT.FINASTERIDE_MONO2_DRUGS created, with 2026 rows and 8 columns.

NOTE: PROCEDURE SQL used (Total process time):
      real time           2:05.83
      user cpu time       29.85 seconds
      system cpu time     6.50 seconds
      memory              5650.01k
      OS Memory           35324.00k
      Timestamp           07/14/2026 10:02:49 AM
      Step Count                        213  Switch Count  0


NOTE: Table CODELIST.FINASTERIDE_POLY1_CODES created, with 0 rows and 12 columns.

NOTE: PROCEDURE SQL used (Total process time):
      real time           0.39 seconds
      user cpu time       0.00 seconds
      system cpu time     0.00 seconds
      memory              5494.62k
      OS Memory           35324.00k
      Timestamp           07/14/2026 10:02:50 AM
      Step Count                        214  Switch Count  0


NOTE: Table OUTPUT.FINASTERIDE_POLY1_DRUGS created, with 0 rows and 8 columns.

NOTE: PROCEDURE SQL used (Total process time):
      real time           0.39 seconds
      user cpu time       0.00 seconds
      system cpu time     0.00 seconds
      memory              5650.01k
      OS Memory           35324.00k
      Timestamp           07/14/2026 10:02:50 AM
      Step Count                        215  Switch Count  0


NOTE: Table CODELIST.FINASTERIDE_POLY2_CODES created, with 0 rows and 12 columns.

NOTE: PROCEDURE SQL used (Total process time):
      real time           0.07 seconds
      user cpu time       0.00 seconds
      system cpu time     0.03 seconds
      memory              5494.62k
      OS Memory           35324.00k
      Timestamp           07/14/2026 10:02:50 AM
      Step Count                        216  Switch Count  0


NOTE: Table OUTPUT.FINASTERIDE_POLY2_DRUGS created, with 0 rows and 8 columns.

NOTE: PROCEDURE SQL used (Total process time):
      real time           0.06 seconds
      user cpu time       0.00 seconds
      system cpu time     0.01 seconds
      memory              5650.01k
      OS Memory           35324.00k
      Timestamp           07/14/2026 10:02:50 AM
      Step Count                        217  Switch Count  0


NOTE: Table CODELIST.ALFUZOSIN_CODES created, with 12 rows and 12 columns.

NOTE: PROCEDURE SQL used (Total process time):
      real time           0.39 seconds
      user cpu time       0.01 seconds
      system cpu time     0.01 seconds
      memory              5494.62k
      OS Memory           35324.00k
      Timestamp           07/14/2026 10:02:50 AM
      Step Count                        218  Switch Count  0


NOTE: Table OUTPUT.ALFUZOSIN_DRUGS created, with 608719 rows and 8 columns.

NOTE: PROCEDURE SQL used (Total process time):
      real time           2:06.49
      user cpu time       28.79 seconds
      system cpu time     7.39 seconds
      memory              5650.01k
      OS Memory           35324.00k
      Timestamp           07/14/2026 10:04:57 AM
      Step Count                        219  Switch Count  0


NOTE: Table CODELIST.ALFU_FINI_CODES created, with 0 rows and 12 columns.

NOTE: PROCEDURE SQL used (Total process time):
      real time           0.39 seconds
      user cpu time       0.01 seconds
      system cpu time     0.03 seconds
      memory              5494.62k
      OS Memory           35324.00k
      Timestamp           07/14/2026 10:04:57 AM
      Step Count                        220  Switch Count  0


NOTE: Table OUTPUT.ALFU_FINI_DRUGS created, with 0 rows and 8 columns.

NOTE: PROCEDURE SQL used (Total process time):
      real time           0.07 seconds
      user cpu time       0.00 seconds
      system cpu time     0.00 seconds
      memory              5650.01k
      OS Memory           35324.00k
      Timestamp           07/14/2026 10:04:57 AM
      Step Count                        221  Switch Count  0


ERROR: File OUTPUT.FINISTERIDE_POLY1_DRUGS.DATA does not exist.
ERROR: File OUTPUT.FINISTERIDE_POLY2_DRUGS.DATA does not exist.

NOTE: The SAS System stopped processing this step because of errors.
WARNING: The data set WORK.APPENDED_DRUGS may be incomplete.  When this step was stopped there
         were 0 observations and 9 variables.
NOTE: DATA statement used (Total process time):
      real time           0.12 seconds
      user cpu time       0.00 seconds
      system cpu time     0.01 seconds
      memory              1448.51k
      OS Memory           30456.00k
      Timestamp           07/14/2026 10:04:58 AM
      Step Count                        222  Switch Count  0




NOTE: There were 0 observations read from the data set WORK.APPENDED_DRUGS.
      WHERE exposure not = 99;
NOTE: The data set WORK.APPENDED_DRUGS_2 has 0 observations and 9 variables.
NOTE: DATA statement used (Total process time):
      real time           0.01 seconds
      user cpu time       0.00 seconds
      system cpu time     0.00 seconds
      memory              577.92k
      OS Memory           30200.00k
      Timestamp           07/14/2026 10:04:58 AM
      Step Count                        223  Switch Count  0



NOTE: There were 0 observations read from the data set WORK.APPENDED_DRUGS_2.
NOTE: The data set OUTPUT.BPH_DRUGS has 0 observations and 10 variables.
NOTE: DATA statement used (Total process time):
      real time           0.06 seconds
      user cpu time       0.00 seconds
      system cpu time     0.00 seconds
      memory              590.56k
      OS Memory           30200.00k
      Timestamp           07/14/2026 10:04:58 AM
      Step Count                        224  Switch Count  0


NOTE: PROCEDURE SQL used (Total process time):
      real time           0.04 seconds
      user cpu time       0.01 seconds
      system cpu time     0.00 seconds
      memory              5343.26k
      OS Memory           35324.00k
      Timestamp           07/14/2026 10:04:58 AM
      Step Count                        225  Switch Count  0



NOTE: Input data set is already sorted, no sorting done.
NOTE: PROCEDURE SORT used (Total process time):
      real time           0.02 seconds
      user cpu time       0.00 seconds
      system cpu time     0.01 seconds
      memory              348.73k
      OS Memory           30200.00k
      Timestamp           07/14/2026 10:04:58 AM
      Step Count                        226  Switch Count  0



NOTE: Input data set is empty.
NOTE: The data set OUTPUT.BPH_DRUGS has 0 observations and 10 variables.
NOTE: PROCEDURE SORT used (Total process time):
      real time           0.03 seconds
      user cpu time       0.00 seconds
      system cpu time     0.00 seconds
      memory              445.62k
      OS Memory           30200.00k
      Timestamp           07/14/2026 10:04:58 AM
      Step Count                        227  Switch Count  0



NOTE: There were 139672 observations read from the data set CODELIST.COMMON_DOSAGES_AURUM_DEC2025.
NOTE: There were 0 observations read from the data set OUTPUT.BPH_DRUGS.
NOTE: The data set WORK.BPH_DOSAGES has 0 observations and 20 variables.
NOTE: DATA statement used (Total process time):
      real time           0.20 seconds
      user cpu time       0.00 seconds
      system cpu time     0.00 seconds
      memory              994.76k
      OS Memory           30200.00k
      Timestamp           07/14/2026 10:04:58 AM
      Step Count                        228  Switch Count  0



NOTE: No observations in data set WORK.BPH_DOSAGES.
NOTE: PROCEDURE UNIVARIATE used (Total process time):
      real time           0.00 seconds
      user cpu time       0.00 seconds
      system cpu time     0.00 seconds
      memory              323.09k
      OS Memory           30200.00k
      Timestamp           07/14/2026 10:04:58 AM
      Step Count                        229  Switch Count  0



NOTE: No observations in data set WORK.BPH_DOSAGES.
NOTE: PROCEDURE UNIVARIATE used (Total process time):
      real time           0.00 seconds
      user cpu time       0.00 seconds
      system cpu time     0.00 seconds
      memory              323.15k
      OS Memory           30200.00k
      Timestamp           07/14/2026 10:04:58 AM
      Step Count                        230  Switch Count  0



NOTE: No observations in data set WORK.BPH_DOSAGES.
NOTE: PROCEDURE UNIVARIATE used (Total process time):
      real time           0.00 seconds
      user cpu time       0.00 seconds
      system cpu time     0.00 seconds
      memory              323.09k
      OS Memory           30200.00k
      Timestamp           07/14/2026 10:04:58 AM
      Step Count                        231  Switch Count  0



NOTE: There were 0 observations read from the data set WORK.BPH_DOSAGES.
NOTE: The data set WORK.BPH_DOSAGES_MG has 0 observations and 21 variables.
NOTE: DATA statement used (Total process time):
      real time           0.01 seconds
      user cpu time       0.00 seconds
      system cpu time     0.01 seconds
      memory              582.92k
      OS Memory           30200.00k
      Timestamp           07/14/2026 10:04:58 AM
      Step Count                        232  Switch Count  0



NOTE: There were 0 observations read from the data set WORK.BPH_DOSAGES_MG.
NOTE: The data set WORK.BPH_TAM_CLEANING has 0 observations and 22 variables.
NOTE: DATA statement used (Total process time):
      real time           0.01 seconds
      user cpu time       0.00 seconds
      system cpu time     0.00 seconds
      memory              589.34k
      OS Memory           30200.00k
      Timestamp           07/14/2026 10:04:58 AM
      Step Count                        233  Switch Count  0



NOTE: No observations in data set WORK.BPH_TAM_CLEANING.
NOTE: PROCEDURE UNIVARIATE used (Total process time):
      real time           0.01 seconds
      user cpu time       0.00 seconds
      system cpu time     0.00 seconds
      memory              323.28k
      OS Memory           30200.00k
      Timestamp           07/14/2026 10:04:58 AM
      Step Count                        234  Switch Count  0


NOTE: Table WORK.BPH_TAM created, with 0 rows and 11 columns.

NOTE: PROCEDURE SQL used (Total process time):
      real time           0.04 seconds
      user cpu time       0.01 seconds
      system cpu time     0.01 seconds
      memory              8740.29k
      OS Memory           37092.00k
      Timestamp           07/14/2026 10:04:58 AM
      Step Count                        235  Switch Count  0


NOTE: PROCEDURE SQL used (Total process time):
      real time           0.01 seconds
      user cpu time       0.00 seconds
      system cpu time     0.00 seconds
      memory              5341.06k
      OS Memory           35324.00k
      Timestamp           07/14/2026 10:04:58 AM
      Step Count                        236  Switch Count  0


NOTE: Table WORK.PREVALENTUSERS created, with 0 rows and 1 columns.

NOTE: PROCEDURE SQL used (Total process time):
      real time           0.01 seconds
      user cpu time       0.01 seconds
      system cpu time     0.00 seconds
      memory              5366.25k
      OS Memory           35324.00k
      Timestamp           07/14/2026 10:04:58 AM
      Step Count                        237  Switch Count  0


NOTE: PROCEDURE SQL used (Total process time):
      real time           0.02 seconds
      user cpu time       0.00 seconds
      system cpu time     0.01 seconds
      memory              5339.06k
      OS Memory           35324.00k
      Timestamp           07/14/2026 10:04:58 AM
      Step Count                        238  Switch Count  0


NOTE: Table OUTPUT.RX_BPH_POSTSTART created, with 0 rows and 11 columns.

NOTE: PROCEDURE SQL used (Total process time):
      real time           0.06 seconds
      user cpu time       0.03 seconds
      system cpu time     0.00 seconds
      memory              5522.17k
      OS Memory           35324.00k
      Timestamp           07/14/2026 10:04:58 AM
      Step Count                        239  Switch Count  0


NOTE: PROCEDURE SQL used (Total process time):
      real time           0.04 seconds
      user cpu time       0.01 seconds
      system cpu time     0.00 seconds
      memory              5343.26k
      OS Memory           35324.00k
      Timestamp           07/14/2026 10:04:58 AM
      Step Count                        240  Switch Count  0


NOTE: Table OUTPUT.BPHEARLIESTDATE created, with 0 rows and 2 columns.

NOTE: PROCEDURE SQL used (Total process time):
      real time           0.05 seconds
      user cpu time       0.01 seconds
      system cpu time     0.00 seconds
      memory              5446.01k
      OS Memory           35324.00k
      Timestamp           07/14/2026 10:04:58 AM
      Step Count                        241  Switch Count  0


NOTE: Table OUTPUT.EARLIESTRXBPHALL created, with 0 rows and 9 columns.

NOTE: PROCEDURE SQL used (Total process time):
      real time           0.07 seconds
      user cpu time       0.00 seconds
      system cpu time     0.01 seconds
      memory              5526.42k
      OS Memory           35324.00k
      Timestamp           07/14/2026 10:04:58 AM
      Step Count                        242  Switch Count  0


NOTE: PROCEDURE SQL used (Total process time):
      real time           0.04 seconds
      user cpu time       0.01 seconds
      system cpu time     0.01 seconds
      memory              5342.37k
      OS Memory           35324.00k
      Timestamp           07/14/2026 10:04:58 AM
      Step Count                        243  Switch Count  0


NOTE: Table WORK.EXCLUDEMULTI created, with 0 rows and 1 columns.

NOTE: PROCEDURE SQL used (Total process time):
      real time           0.01 seconds
      user cpu time       0.00 seconds
      system cpu time     0.01 seconds
      memory              5499.48k
      OS Memory           35324.00k
      Timestamp           07/14/2026 10:04:58 AM
      Step Count                        244  Switch Count  0


NOTE: Table WORK.EARLIESTRXBPH_FILTERED created, with 0 rows and 9 columns.

NOTE: PROCEDURE SQL used (Total process time):
      real time           0.00 seconds
      user cpu time       0.00 seconds
      system cpu time     0.00 seconds
      memory              5499.98k
      OS Memory           35324.00k
      Timestamp           07/14/2026 10:04:58 AM
      Step Count                        245  Switch Count  0


WARNING: This CREATE TABLE statement recursively references the target table. A consequence of
         this is a possible data integrity problem.
NOTE: Table WORK.EARLIESTRXBPH_FILTERED created, with 0 rows and 9 columns.

NOTE: PROCEDURE SQL used (Total process time):
      real time           0.01 seconds
      user cpu time       0.00 seconds
      system cpu time     0.01 seconds
      memory              5343.96k
      OS Memory           35324.00k
      Timestamp           07/14/2026 10:04:58 AM
      Step Count                        246  Switch Count  0


NOTE: PROCEDURE SQL used (Total process time):
      real time           0.01 seconds
      user cpu time       0.01 seconds
      system cpu time     0.00 seconds
      memory              5340.17k
      OS Memory           35324.00k
      Timestamp           07/14/2026 10:04:59 AM
      Step Count                        247  Switch Count  0


NOTE: Table OUTPUT.BPHDRUGATC_4 created, with 0 rows and 11 columns.

NOTE: PROCEDURE SQL used (Total process time):
      real time           0.06 seconds
      user cpu time       0.00 seconds
      system cpu time     0.01 seconds
      memory              5563.71k
      OS Memory           35324.00k
      Timestamp           07/14/2026 10:04:59 AM
      Step Count                        248  Switch Count  0



744  %macro drugdata(in =, out=);
745
746  /**************************************************************************/
747  /* STEP 1: Extract BPH drug records for the current drugissue file        */
748  /**************************************************************************/
749
750  *** Identify tamsulosin and comparator drug records;
751
752  %macro product (var=, atccode =, drugfile =);
753  proc sql;
754      CREATE TABLE codelist.&var._codes AS
755      SELECT *
756      FROM rawdata.product_aurum_atc
757      WHERE ATC LIKE &atccode;
758  quit;
759
760
761  proc sql;
762      CREATE TABLE output.&var._drugs AS
763      SELECT r.patid,
764             r.issuedate,
765             r.dosageid,
766             r.quantity,
767             r.duration,
768             r.prodcodeid,
769             c.atc,
770             c.strength
771      FROM &drugfile as r
772  inner join codelist.&var._codes as c on strip(c.prodcodeid) = strip(r.prodcodeid);
773  quit;
774
775
776  %mend product;
777
778  %product (var=tamsulosin, atccode = 'G04CA02', drugfile = &in);
779
780  %product (var=finasteride_mono1, atccode = 'G04CB01', drugfile = &in);
781  %product (var=finasteride_mono2, atccode = 'D11AX10', drugfile = &in);
782
783  %product (var=alfuzosin, atccode = 'G04CA01', drugfile = &in);
784
785
786
787
788
789  *** append drugs records for all drugs and create numeric exposure variable;
790
791  data appended_drugs;
792  set output.tamsulosin_drugs (in = a)
793  output.alfuzosin_drugs (in=b)
794  output.finasteride_mono1_drugs (in=c)
795  output.finasteride_mono2_drugs (in=d);
796  if a then exposure = 0;
797  else if b then exposure = 1;
798  else if c or d then exposure = 2;
799  run;
800
801
802  *** find mg value ;
803
804  data output.bph_drugs;
805      set appended_drugs;
806      length unit_found $20;
807
808      if not missing(strength) then do;
809          /* First number in the string (handles decimals) */
810          mg_value = input(scan(strength, 1,
810! 'abcdefghijklmnopqrstuvwxyzABCDEFGHIJKLMNOPQRSTUVWXYZ/'), best12.);
811
812          /* First unit word: letters immediately after the first number */
813          unit_found = scan(compress(strength, '0123456789. '), 1, '/');
814
815          /* Convert everything to mg */
816          if lowcase(unit_found) in ('microgram', 'micrograms', 'mcg') then mg_value = mg_value
816!  / 1000;
817          else if lowcase(unit_found) in ('gram', 'g') then mg_value = mg_value * 1000;
818          /* mg stays as-is */
819      end;
820
821      drop unit_found;
822  run;
823
824  /* HOW MANY PATIENTS */
825  proc sql;
826  select count(distinct patid) as "Step 1: bph drugs"n
827  from output.bph_drugs;
828  quit;
829
830
831  /****************************************************************************/
832  /* STEP 2: Generate treatment duration and mean daily dose in mg from common dosages file.*/
833  /****************************************************************************/
834
835  *** Import common_dosages file to extract daily dose variable;
836
837  proc sort data = codelist.common_dosages_aurum_dec2025;
838  by dosageid;
839  run;
840
841  proc sort data = output.bph_drugs;
842  by dosageid;
843  run;
844
845  data bph_dosages;
846  merge codelist.common_dosages_aurum_dec2025 (in=a) output.bph_drugs (in=b);
847  by dosageid;
848  if b;
849  run;
850
851  proc univariate data=bph_dosages;
852      var daily_dose;
853  run;
854
855  proc univariate data=bph_dosages;
856      var quantity;
857  run;
858
859  proc univariate data=bph_dosages;
860      var duration;
861  run;
862
863  *** calculate means daily dose;
864
865  data bph_dosages_mg;
866  set bph_dosages;
867  if daily_dose > 0 then mean_daily_dose = mg_value*daily_dose;
868  else mean_daily_dose = mg_value;
869  run;
870
871  *** Algorithm to determine reasonable assumed duration per prescription;
872  *** borrowed from ADEPT script with permission from Magdalena Gamba *;
873
874  data bph_tam_cleaning;
875  set bph_dosages_mg;
876  if daily_dose > 5 or daily_dose = . then daily_dose = 1;
877  if daily_dose = 0 then daily_dose = 0.5;
878  if quantity > 90 then quantity = 90;
879  if quantity > 0 and quantity ne . then assumed_duration = quantity/daily_dose;
880  if assumed_duration = . and duration ne . and duration > 0 and duration < 90 then
880! assumed_duration = duration;
881  if assumed_duration = . or assumed_duration < 1 then assumed_duration = 30;
882  run;
883
884  proc univariate data=bph_tam_cleaning;
885      var assumed_duration;
886  run;
887
888
889
890  /****************************************************************************/
891  /* STEP 3: Join with base_cohort so only patients in our main cohort remain.*/
892  /****************************************************************************/
893
894  *** Join cleaned prescription records with base cohort;
895
896  PROC SQL;
897  CREATE TABLE bph_tam AS
898      SELECT T.patid,
899  T.issuedate,
900  T.exposure,
901  T.atc,
902  T.dosageid,
903  T.quantity,
904  T.assumed_duration,
905  T.prodcodeid,
906  T.mg_value,
907  BC.regstartdate,
908  BC.baseline_dt
909      FROM bph_tam_cleaning AS T
910      INNER JOIN output.linked_bph_cohort AS BC ON BC.patid = T.patid
911  ORDER BY T.assumed_duration, T.patid, T.issuedate;
912  quit;
913
914
915
916  /* HOW MANY PATIENTS */
917  /* losing about 30 thousand*/
918  proc sql;
919  select count(distinct patid) as "Step 3: bphtam join to base"n
920  from bph_tam
921  quit;
922
923  /**************************************************************************/
924  /* STEP 4: Exclude 'PrevalentUsers'                                       */
925  /**************************************************************************/
926  /* 'Prevalent users' are those who had a drug prescription 1 year before   */
927  /* their baseline date. We identify them by comparing issue date with the  */
928  /* bph_dt in base_cohort. */
929  /* second step removes identified prevalent users from main dataset */
930
931  *** identify prevalent users;
932
933  proc sql;
934      create table PrevalentUsers as
935      select distinct patid
936      from bph_tam
937      where issuedate between intnx('year', baseline_dt, -1, 'same') and baseline_dt - 1;
938  quit;
939
940  /* HOW MANY PATIENTS */
941  proc sql;
942  select count(distinct patid) as "Step 4: prevalent user #"n
943  from PrevalentUsers
944  quit;
945
946
947  ***  We remove those in PrevalentUsers.;
948  ***  We only keep prescriptions dated on or after baseline.;
949
950  proc sql;
951      create table output.Rx_bph_PostStart as
952      select *
953      from bph_tam b
954      where not exists (
955          select 1
956          from PrevalentUsers p
957          where p.patid = b.patid
958          )
959      and issuedate >= baseline_dt
960      ;
961  quit;
962
963  /* HOW MANY PATIENTS */
964  proc sql;
965  select count(distinct patid) as "Step 4: removing prevalent users"n
966  from output.Rx_bph_PostStart
967  quit;
968
969
970  /**************************************************************************/
971  /* STEP 5: Identify earliest prescription date for each patient and exclude multi-drug
971! initiators         */
972  /**************************************************************************/
973  /* Finds the minimum (earliest) eventdate among the valid prescriptions.  */
974
975  proc sql;
976      create table output.BphEarliestDate as
977      select patid,
978             min(issuedate) as indexdate format = ddmmyy10.
979      from output.Rx_bph_PostStart
980      group by patid;
981  quit;
982
983
984  /* 1) We only keep rows where issuedate = indexdate.               */
985  /* 2) We call this 'EarliestRxAll'.                                       */
986  /* 3) If multiple rows share the same earliest date for a patient, we     */
987  /*    handle that in the subsequent step.                                 */
988  /* the earliest Rx will be used for cleaning in the subsequent steps, but then all records
988! will
989  be rejoined in the final step for creation of treatment episodes */
990
991  *** includes 2 multi-drug initiators;
992
993  proc sql;
994      create table output.EarliestRxBphAll as
995      select p.patid,
996             p.issuedate,
997             p.assumed_duration,
998             p.prodcodeid,
999             p.baseline_dt,
1000             e.indexdate,
1001             p.regstartdate,
1002             p.exposure,
1003             p.atc
1004      from output.BphEarliestDate as e
1005          left join output.Rx_bph_PostStart as p
1006          on p.patid = e.patid
1007  where p.issuedate = e.indexdate;
1008  quit;
1009
1010
1011  /*HOW MANY PATIENTS*/
1012  proc sql;
1013  select count(distinct patid) as "Step 5: First issue date"n
1014  from output.EarliestRxBphAll
1015  quit;
1016
1017  *** excluding multi-drug initiators;
1018
1019  proc sql;
1020      create table ExcludeMulti as
1021      select patid
1022      from output.EarliestRxBphAll
1023      group by patid
1024      having count(distinct exposure) > 1  /* More than 1 unique exposure => Exclude */
1025      ;
1026  quit;
1027
1028  proc sql;
1029      create table EarliestRxBph_Filtered as
1030      select *
1031      from output.EarliestRxBphAll
1032      where patid not in (select patid from ExcludeMulti);
1033  quit;
1034
1035
1036  /**************************************************************************/
1037  /* STEP 6: Exclude if run-in period is less than 365 days              */
1038  /**************************************************************************/
1039
1040  PROC SQL;
1041  create table EarliestRxBph_Filtered AS
1042  select *
1043  from EarliestRxBph_Filtered
1044  having indexdate - regstartdate > 365;
1045  quit;
1046
1047  /*HOW MANY PATIENTS*/
1048  proc sql;
1049  select count(distinct patid) as "Step 7: Washout exclusions"n
1050  from EarliestRxBph_Filtered
1051  quit;
1052
1053  **********;
1054  /*
1055  /**************************************************************************/
1056  /* STEP 7: Exclude if subarachnoid hemorrhage (aSAH) occurred before Rx   */
1057  /* (COMMENTED OUT until HES APC linkage is incorporated )                      */
1058  /**************************************************************************/
1059  /* If a patient's first aSAH date (HOSP ONLY) is before earliest Rx, we drop them.    */
1060  /* NOTE: DO NOT RUN UNTIL HES APC LINKAGE */
1061  /* NOTE: Jos's version requires both hospital and gp data so I have written new script
1061! myself for the timebeing*/
1062
1063  *proc sql;
1064  *CREATE TABLE EarliestRx_aSah_Exclusion AS
1065  SELECT d1.* , d2.patid, d2.aSAH_gp_dt
1066  FROM EarliestRx_washout as d1
1067  INNER JOIN output.linked_bph_cohort as d2
1068  ON d1.patid = d2.patid
1069      WHERE d2.aSAH_gp_dt > indexdate or d2.aSAH_gp_dt is NULL;
1070  *quit;
1071
1072  /*HOW MANY PATIENTS*/
1073  *proc sql;
1074  *select count(distinct patid) as "Step 8: prior aSAH"n
1075  from EarliestRx_aSah_Exclusion
1076  quit;
1077
1078
1079  /**************************************************************************/
1080  /* STEP 8: Retrieiving all treatment episodes from patients with exclusion criteria
1080! specified in steps 5 & 6   */
1081  /**************************************************************************/
1082
1083  /* FINAL PRODUCT */
1084
1085  proc sql;
1086  create table &out as
1087  select r.*
1088  from EarliestRxBph_Filtered as f
1089  left outer join output.Rx_bph_PostStart as r
1090  on f.patid = r.patid;
1091  quit;
1092
1093  %mend;

1094  proc datasets library = work kill nolist;
NOTE: Deleting WORK.APPENDED_DRUGS (memtype=DATA).
NOTE: Deleting WORK.APPENDED_DRUGS_2 (memtype=DATA).
NOTE: Deleting WORK.BPH_DOSAGES (memtype=DATA).
NOTE: Deleting WORK.BPH_DOSAGES_MG (memtype=DATA).
NOTE: Deleting WORK.BPH_TAM (memtype=DATA).
NOTE: Deleting WORK.BPH_TAM_CLEANING (memtype=DATA).
NOTE: Deleting WORK.EARLIESTRXBPH_FILTERED (memtype=DATA).
NOTE: Deleting WORK.EXCLUDEMULTI (memtype=DATA).
NOTE: Deleting WORK.PREVALENTUSERS (memtype=DATA).
NOTE: Deleting WORK.SASMACR (memtype=CATALOG).
NOTE: File WORK.SASMACR (memtype=CATALOG) cannot be deleted because it is in use.
1095  run;

1096  quit;

NOTE: PROCEDURE DATASETS used (Total process time):
      real time           0.02 seconds
      user cpu time       0.00 seconds
      system cpu time     0.03 seconds
      memory              232.04k
      OS Memory           30200.00k
      Timestamp           07/14/2026 10:08:56 AM
      Step Count                        249  Switch Count  0


1097
1098  %drugdata(in=output.lildrugissue, out=output.bphdrugatc_test)
NOTE: Table CODELIST.TAMSULOSIN_CODES created, with 26 rows and 12 columns.

NOTE: PROCEDURE SQL used (Total process time):
      real time           0.80 seconds
      user cpu time       0.00 seconds
      system cpu time     0.00 seconds
      memory              5494.62k
      OS Memory           35324.00k
      Timestamp           07/14/2026 10:09:00 AM
      Step Count                        250  Switch Count  0


NOTE: Table OUTPUT.TAMSULOSIN_DRUGS created, with 4922 rows and 8 columns.

NOTE: PROCEDURE SQL used (Total process time):
      real time           0.22 seconds
      user cpu time       0.01 seconds
      system cpu time     0.01 seconds
      memory              5650.01k
      OS Memory           35324.00k
      Timestamp           07/14/2026 10:09:00 AM
      Step Count                        251  Switch Count  0


NOTE: Table CODELIST.FINASTERIDE_MONO1_CODES created, with 3 rows and 12 columns.

NOTE: PROCEDURE SQL used (Total process time):
      real time           0.08 seconds
      user cpu time       0.00 seconds
      system cpu time     0.03 seconds
      memory              5494.62k
      OS Memory           35324.00k
      Timestamp           07/14/2026 10:09:00 AM
      Step Count                        252  Switch Count  0


NOTE: Table OUTPUT.FINASTERIDE_MONO1_DRUGS created, with 2080 rows and 8 columns.

NOTE: PROCEDURE SQL used (Total process time):
      real time           0.13 seconds
      user cpu time       0.04 seconds
      system cpu time     0.00 seconds
      memory              5650.01k
      OS Memory           35324.00k
      Timestamp           07/14/2026 10:09:00 AM
      Step Count                        253  Switch Count  0


NOTE: Table CODELIST.FINASTERIDE_MONO2_CODES created, with 3 rows and 12 columns.

NOTE: PROCEDURE SQL used (Total process time):
      real time           0.08 seconds
      user cpu time       0.00 seconds
      system cpu time     0.06 seconds
      memory              5494.62k
      OS Memory           35324.00k
      Timestamp           07/14/2026 10:09:00 AM
      Step Count                        254  Switch Count  0


NOTE: Table OUTPUT.FINASTERIDE_MONO2_DRUGS created, with 0 rows and 8 columns.

NOTE: PROCEDURE SQL used (Total process time):
      real time           0.09 seconds
      user cpu time       0.01 seconds
      system cpu time     0.03 seconds
      memory              5650.01k
      OS Memory           35324.00k
      Timestamp           07/14/2026 10:09:00 AM
      Step Count                        255  Switch Count  0


NOTE: Table CODELIST.ALFUZOSIN_CODES created, with 12 rows and 12 columns.

NOTE: PROCEDURE SQL used (Total process time):
      real time           0.09 seconds
      user cpu time       0.00 seconds
      system cpu time     0.04 seconds
      memory              5494.62k
      OS Memory           35324.00k
      Timestamp           07/14/2026 10:09:01 AM
      Step Count                        256  Switch Count  0


NOTE: Table OUTPUT.ALFUZOSIN_DRUGS created, with 1004 rows and 8 columns.

NOTE: PROCEDURE SQL used (Total process time):
      real time           0.10 seconds
      user cpu time       0.04 seconds
      system cpu time     0.00 seconds
      memory              5650.01k
      OS Memory           35324.00k
      Timestamp           07/14/2026 10:09:01 AM
      Step Count                        257  Switch Count  0



NOTE: There were 4922 observations read from the data set OUTPUT.TAMSULOSIN_DRUGS.
NOTE: There were 1004 observations read from the data set OUTPUT.ALFUZOSIN_DRUGS.
NOTE: There were 2080 observations read from the data set OUTPUT.FINASTERIDE_MONO1_DRUGS.
NOTE: There were 0 observations read from the data set OUTPUT.FINASTERIDE_MONO2_DRUGS.
NOTE: The data set WORK.APPENDED_DRUGS has 8006 observations and 9 variables.
NOTE: DATA statement used (Total process time):
      real time           0.09 seconds
      user cpu time       0.01 seconds
      system cpu time     0.01 seconds
      memory              1340.79k
      OS Memory           30200.00k
      Timestamp           07/14/2026 10:09:01 AM
      Step Count                        258  Switch Count  0



NOTE: There were 8006 observations read from the data set WORK.APPENDED_DRUGS.
NOTE: The data set OUTPUT.BPH_DRUGS has 8006 observations and 10 variables.
NOTE: DATA statement used (Total process time):
      real time           0.07 seconds
      user cpu time       0.00 seconds
      system cpu time     0.01 seconds
      memory              662.73k
      OS Memory           30200.00k
      Timestamp           07/14/2026 10:09:01 AM
      Step Count                        259  Switch Count  0


NOTE: PROCEDURE SQL used (Total process time):
      real time           0.04 seconds
      user cpu time       0.00 seconds
      system cpu time     0.01 seconds
      memory              5415.43k
      OS Memory           35324.00k
      Timestamp           07/14/2026 10:09:01 AM
      Step Count                        260  Switch Count  0



NOTE: Input data set is already sorted, no sorting done.
NOTE: PROCEDURE SORT used (Total process time):
      real time           0.01 seconds
      user cpu time       0.00 seconds
      system cpu time     0.00 seconds
      memory              348.85k
      OS Memory           30200.00k
      Timestamp           07/14/2026 10:09:01 AM
      Step Count                        261  Switch Count  0



NOTE: There were 8006 observations read from the data set OUTPUT.BPH_DRUGS.
NOTE: The data set OUTPUT.BPH_DRUGS has 8006 observations and 10 variables.
NOTE: PROCEDURE SORT used (Total process time):
      real time           0.07 seconds
      user cpu time       0.00 seconds
      system cpu time     0.00 seconds
      memory              3965.87k
      OS Memory           33548.00k
      Timestamp           07/14/2026 10:09:01 AM
      Step Count                        262  Switch Count  0



NOTE: There were 139672 observations read from the data set CODELIST.COMMON_DOSAGES_AURUM_DEC2025.
NOTE: There were 8006 observations read from the data set OUTPUT.BPH_DRUGS.
NOTE: The data set WORK.BPH_DOSAGES has 8006 observations and 20 variables.
NOTE: DATA statement used (Total process time):
      real time           0.19 seconds
      user cpu time       0.00 seconds
      system cpu time     0.00 seconds
      memory              1066.93k
      OS Memory           30200.00k
      Timestamp           07/14/2026 10:09:01 AM
      Step Count                        263  Switch Count  0



NOTE: PROCEDURE UNIVARIATE used (Total process time):
      real time           0.10 seconds
      user cpu time       0.01 seconds
      system cpu time     0.01 seconds
      memory              692.87k
      OS Memory           30200.00k
      Timestamp           07/14/2026 10:09:01 AM
      Step Count                        264  Switch Count  0



NOTE: PROCEDURE UNIVARIATE used (Total process time):
      real time           0.02 seconds
      user cpu time       0.00 seconds
      system cpu time     0.01 seconds
      memory              571.09k
      OS Memory           30200.00k
      Timestamp           07/14/2026 10:09:01 AM
      Step Count                        265  Switch Count  0



NOTE: PROCEDURE UNIVARIATE used (Total process time):
      real time           0.02 seconds
      user cpu time       0.01 seconds
      system cpu time     0.00 seconds
      memory              521.60k
      OS Memory           30200.00k
      Timestamp           07/14/2026 10:09:01 AM
      Step Count                        266  Switch Count  0



NOTE: There were 8006 observations read from the data set WORK.BPH_DOSAGES.
NOTE: The data set WORK.BPH_DOSAGES_MG has 8006 observations and 21 variables.
NOTE: DATA statement used (Total process time):
      real time           0.01 seconds
      user cpu time       0.00 seconds
      system cpu time     0.01 seconds
      memory              654.53k
      OS Memory           30200.00k
      Timestamp           07/14/2026 10:09:01 AM
      Step Count                        267  Switch Count  0



NOTE: There were 8006 observations read from the data set WORK.BPH_DOSAGES_MG.
NOTE: The data set WORK.BPH_TAM_CLEANING has 8006 observations and 22 variables.
NOTE: DATA statement used (Total process time):
      real time           0.01 seconds
      user cpu time       0.00 seconds
      system cpu time     0.00 seconds
      memory              661.54k
      OS Memory           30200.00k
      Timestamp           07/14/2026 10:09:01 AM
      Step Count                        268  Switch Count  0



NOTE: PROCEDURE UNIVARIATE used (Total process time):
      real time           0.02 seconds
      user cpu time       0.01 seconds
      system cpu time     0.00 seconds
      memory              523.75k
      OS Memory           30456.00k
      Timestamp           07/14/2026 10:09:01 AM
      Step Count                        269  Switch Count  0


NOTE: Table WORK.BPH_TAM created, with 7776 rows and 11 columns.

NOTE: PROCEDURE SQL used (Total process time):
      real time           0.24 seconds
      user cpu time       0.04 seconds
      system cpu time     0.03 seconds
      memory              10576.21k
      OS Memory           38956.00k
      Timestamp           07/14/2026 10:09:02 AM
      Step Count                        270  Switch Count  0


NOTE: PROCEDURE SQL used (Total process time):
      real time           0.01 seconds
      user cpu time       0.00 seconds
      system cpu time     0.01 seconds
      memory              5415.25k
      OS Memory           35580.00k
      Timestamp           07/14/2026 10:09:02 AM
      Step Count                        271  Switch Count  0


NOTE: Table WORK.PREVALENTUSERS created, with 14 rows and 1 columns.

NOTE: PROCEDURE SQL used (Total process time):
      real time           0.06 seconds
      user cpu time       0.01 seconds
      system cpu time     0.00 seconds
      memory              5439.81k
      OS Memory           35580.00k
      Timestamp           07/14/2026 10:09:02 AM
      Step Count                        272  Switch Count  0


NOTE: PROCEDURE SQL used (Total process time):
      real time           0.02 seconds
      user cpu time       0.00 seconds
      system cpu time     0.01 seconds
      memory              5339.12k
      OS Memory           35580.00k
      Timestamp           07/14/2026 10:09:02 AM
      Step Count                        273  Switch Count  0


NOTE: Table OUTPUT.RX_BPH_POSTSTART created, with 5868 rows and 11 columns.

NOTE: PROCEDURE SQL used (Total process time):
      real time           0.07 seconds
      user cpu time       0.00 seconds
      system cpu time     0.03 seconds
      memory              5595.53k
      OS Memory           35580.00k
      Timestamp           07/14/2026 10:09:02 AM
      Step Count                        274  Switch Count  0


NOTE: PROCEDURE SQL used (Total process time):
      real time           0.04 seconds
      user cpu time       0.01 seconds
      system cpu time     0.00 seconds
      memory              5415.59k
      OS Memory           35580.00k
      Timestamp           07/14/2026 10:09:02 AM
      Step Count                        275  Switch Count  0


NOTE: Table OUTPUT.BPHEARLIESTDATE created, with 79 rows and 2 columns.

NOTE: PROCEDURE SQL used (Total process time):
      real time           0.04 seconds
      user cpu time       0.00 seconds
      system cpu time     0.00 seconds
      memory              5440.78k
      OS Memory           35580.00k
      Timestamp           07/14/2026 10:09:02 AM
      Step Count                        276  Switch Count  0


NOTE: Table OUTPUT.EARLIESTRXBPHALL created, with 81 rows and 9 columns.

NOTE: PROCEDURE SQL used (Total process time):
      real time           0.08 seconds
      user cpu time       0.01 seconds
      system cpu time     0.03 seconds
      memory              8057.93k
      OS Memory           36668.00k
      Timestamp           07/14/2026 10:09:02 AM
      Step Count                        277  Switch Count  0


NOTE: PROCEDURE SQL used (Total process time):
      real time           0.02 seconds
      user cpu time       0.00 seconds
      system cpu time     0.00 seconds
      memory              5342.67k
      OS Memory           35580.00k
      Timestamp           07/14/2026 10:09:02 AM
      Step Count                        278  Switch Count  0


NOTE: Table WORK.EXCLUDEMULTI created, with 1 rows and 1 columns.

NOTE: PROCEDURE SQL used (Total process time):
      real time           0.01 seconds
      user cpu time       0.00 seconds
      system cpu time     0.01 seconds
      memory              5367.85k
      OS Memory           35580.00k
      Timestamp           07/14/2026 10:09:02 AM
      Step Count                        279  Switch Count  0


NOTE: Table WORK.EARLIESTRXBPH_FILTERED created, with 79 rows and 9 columns.

NOTE: PROCEDURE SQL used (Total process time):
      real time           0.01 seconds
      user cpu time       0.00 seconds
      system cpu time     0.01 seconds
      memory              5500.31k
      OS Memory           35580.00k
      Timestamp           07/14/2026 10:09:02 AM
      Step Count                        280  Switch Count  0


WARNING: This CREATE TABLE statement recursively references the target table. A consequence of
         this is a possible data integrity problem.
NOTE: Table WORK.EARLIESTRXBPH_FILTERED created, with 72 rows and 9 columns.

NOTE: PROCEDURE SQL used (Total process time):
      real time           0.01 seconds
      user cpu time       0.00 seconds
      system cpu time     0.01 seconds
      memory              5344.17k
      OS Memory           35580.00k
      Timestamp           07/14/2026 10:09:02 AM
      Step Count                        281  Switch Count  0


NOTE: PROCEDURE SQL used (Total process time):
      real time           0.02 seconds
      user cpu time       0.00 seconds
      system cpu time     0.01 seconds
      memory              5340.37k
      OS Memory           35580.00k
      Timestamp           07/14/2026 10:09:02 AM
      Step Count                        282  Switch Count  0


NOTE: Table OUTPUT.BPHDRUGATC_TEST created, with 4882 rows and 11 columns.

NOTE: PROCEDURE SQL used (Total process time):
      real time           0.07 seconds
      user cpu time       0.01 seconds
      system cpu time     0.01 seconds
      memory              10628.45k
      OS Memory           39228.00k
      Timestamp           07/14/2026 10:09:02 AM
      Step Count                        283  Switch Count  0



1099
1100  %drugdata(in=rawdata.drugissue_1, out=output.bphdrugatc_1)
NOTE: Table CODELIST.TAMSULOSIN_CODES created, with 26 rows and 12 columns.

NOTE: PROCEDURE SQL used (Total process time):
      real time           0.40 seconds
      user cpu time       0.01 seconds
      system cpu time     0.04 seconds
      memory              5495.06k
      OS Memory           35580.00k
      Timestamp           07/14/2026 10:09:15 AM
      Step Count                        284  Switch Count  0


NOTE: Table OUTPUT.TAMSULOSIN_DRUGS created, with 4990798 rows and 8 columns.

NOTE: PROCEDURE SQL used (Total process time):
      real time           2:07.50
      user cpu time       26.17 seconds
      system cpu time     8.26 seconds
      memory              5650.35k
      OS Memory           35580.00k
      Timestamp           07/14/2026 10:11:23 AM
      Step Count                        285  Switch Count  0


NOTE: Table CODELIST.FINASTERIDE_MONO1_CODES created, with 3 rows and 12 columns.

NOTE: PROCEDURE SQL used (Total process time):
      real time           0.37 seconds
      user cpu time       0.03 seconds
      system cpu time     0.01 seconds
      memory              5495.06k
      OS Memory           35580.00k
      Timestamp           07/14/2026 10:11:23 AM
      Step Count                        286  Switch Count  0


NOTE: Table OUTPUT.FINASTERIDE_MONO1_DRUGS created, with 2986889 rows and 8 columns.

NOTE: PROCEDURE SQL used (Total process time):
      real time           2:02.43
      user cpu time       27.71 seconds
      system cpu time     7.12 seconds
      memory              5650.35k
      OS Memory           35580.00k
      Timestamp           07/14/2026 10:13:26 AM
      Step Count                        287  Switch Count  0


NOTE: Table CODELIST.FINASTERIDE_MONO2_CODES created, with 3 rows and 12 columns.

NOTE: PROCEDURE SQL used (Total process time):
      real time           0.40 seconds
      user cpu time       0.00 seconds
      system cpu time     0.03 seconds
      memory              5495.06k
      OS Memory           35580.00k
      Timestamp           07/14/2026 10:13:26 AM
      Step Count                        288  Switch Count  0


NOTE: Table OUTPUT.FINASTERIDE_MONO2_DRUGS created, with 1963 rows and 8 columns.

NOTE: PROCEDURE SQL used (Total process time):
      real time           1:56.98
      user cpu time       26.67 seconds
      system cpu time     6.53 seconds
      memory              5650.35k
      OS Memory           35580.00k
      Timestamp           07/14/2026 10:15:23 AM
      Step Count                        289  Switch Count  0


NOTE: Table CODELIST.ALFUZOSIN_CODES created, with 12 rows and 12 columns.

NOTE: PROCEDURE SQL used (Total process time):
      real time           0.41 seconds
      user cpu time       0.00 seconds
      system cpu time     0.03 seconds
      memory              5495.06k
      OS Memory           35580.00k
      Timestamp           07/14/2026 10:15:24 AM
      Step Count                        290  Switch Count  0


NOTE: Table OUTPUT.ALFUZOSIN_DRUGS created, with 529605 rows and 8 columns.

NOTE: PROCEDURE SQL used (Total process time):
      real time           2:00.18
      user cpu time       27.50 seconds
      system cpu time     6.78 seconds
      memory              5650.35k
      OS Memory           35580.00k
      Timestamp           07/14/2026 10:17:24 AM
      Step Count                        291  Switch Count  0



NOTE: There were 4990798 observations read from the data set OUTPUT.TAMSULOSIN_DRUGS.
NOTE: There were 529605 observations read from the data set OUTPUT.ALFUZOSIN_DRUGS.
NOTE: There were 2986889 observations read from the data set OUTPUT.FINASTERIDE_MONO1_DRUGS.
NOTE: There were 1963 observations read from the data set OUTPUT.FINASTERIDE_MONO2_DRUGS.
NOTE: The data set WORK.APPENDED_DRUGS has 8509255 observations and 9 variables.
NOTE: DATA statement used (Total process time):
      real time           9.39 seconds
      user cpu time       0.81 seconds
      system cpu time     1.84 seconds
      memory              1412.84k
      OS Memory           30712.00k
      Timestamp           07/14/2026 10:17:33 AM
      Step Count                        292  Switch Count  0



NOTE: There were 8509255 observations read from the data set WORK.APPENDED_DRUGS.
NOTE: The data set OUTPUT.BPH_DRUGS has 8509255 observations and 10 variables.
NOTE: DATA statement used (Total process time):
      real time           20.08 seconds
      user cpu time       3.09 seconds
      system cpu time     3.50 seconds
      memory              661.70k
      OS Memory           30456.00k
      Timestamp           07/14/2026 10:17:53 AM
      Step Count                        293  Switch Count  0


NOTE: PROCEDURE SQL used (Total process time):
      real time           9.45 seconds
      user cpu time       1.43 seconds
      system cpu time     0.65 seconds
      memory              13097.75k
      OS Memory           43768.00k
      Timestamp           07/14/2026 10:18:03 AM
      Step Count                        294  Switch Count  0



NOTE: Input data set is already sorted, no sorting done.
NOTE: PROCEDURE SORT used (Total process time):
      real time           0.02 seconds
      user cpu time       0.00 seconds
      system cpu time     0.00 seconds
      memory              348.73k
      OS Memory           30968.00k
      Timestamp           07/14/2026 10:18:03 AM
      Step Count                        295  Switch Count  0



NOTE: There were 8509255 observations read from the data set OUTPUT.BPH_DRUGS.
NOTE: The data set OUTPUT.BPH_DRUGS has 8509255 observations and 10 variables.
NOTE: PROCEDURE SORT used (Total process time):
      real time           51.93 seconds
      user cpu time       6.98 seconds
      system cpu time     8.40 seconds
      memory              1053782.32k
      OS Memory           1084064.00k
      Timestamp           07/14/2026 10:18:55 AM
      Step Count                        296  Switch Count  0



NOTE: There were 139672 observations read from the data set CODELIST.COMMON_DOSAGES_AURUM_DEC2025.
NOTE: There were 8509255 observations read from the data set OUTPUT.BPH_DRUGS.
NOTE: The data set WORK.BPH_DOSAGES has 8509255 observations and 20 variables.
NOTE: DATA statement used (Total process time):
      real time           15.55 seconds
      user cpu time       1.18 seconds
      system cpu time     3.07 seconds
      memory              1062.20k
      OS Memory           30968.00k
      Timestamp           07/14/2026 10:19:11 AM
      Step Count                        297  Switch Count  0



NOTE: PROCEDURE UNIVARIATE used (Total process time):
      real time           6.40 seconds
      user cpu time       3.59 seconds
      system cpu time     1.09 seconds
      memory              528.10k
      OS Memory           30968.00k
      Timestamp           07/14/2026 10:19:17 AM
      Step Count                        298  Switch Count  0



NOTE: PROCEDURE UNIVARIATE used (Total process time):
      real time           5.43 seconds
      user cpu time       4.04 seconds
      system cpu time     1.04 seconds
      memory              517.40k
      OS Memory           30968.00k
      Timestamp           07/14/2026 10:19:23 AM
      Step Count                        299  Switch Count  0



NOTE: PROCEDURE UNIVARIATE used (Total process time):
      real time           5.05 seconds
      user cpu time       3.81 seconds
      system cpu time     1.14 seconds
      memory              638.98k
      OS Memory           30968.00k
      Timestamp           07/14/2026 10:19:28 AM
      Step Count                        300  Switch Count  0



NOTE: There were 8509255 observations read from the data set WORK.BPH_DOSAGES.
NOTE: The data set WORK.BPH_DOSAGES_MG has 8509255 observations and 21 variables.
NOTE: DATA statement used (Total process time):
      real time           41.01 seconds
      user cpu time       1.43 seconds
      system cpu time     3.85 seconds
      memory              656.32k
      OS Memory           30968.00k
      Timestamp           07/14/2026 10:20:09 AM
      Step Count                        301  Switch Count  0



NOTE: There were 8509255 observations read from the data set WORK.BPH_DOSAGES_MG.
NOTE: The data set WORK.BPH_TAM_CLEANING has 8509255 observations and 22 variables.
NOTE: DATA statement used (Total process time):
      real time           39.65 seconds
      user cpu time       1.43 seconds
      system cpu time     3.82 seconds
      memory              661.48k
      OS Memory           30968.00k
      Timestamp           07/14/2026 10:20:48 AM
      Step Count                        302  Switch Count  0



NOTE: PROCEDURE UNIVARIATE used (Total process time):
      real time           7.15 seconds
      user cpu time       4.98 seconds
      system cpu time     1.50 seconds
      memory              536.46k
      OS Memory           30968.00k
      Timestamp           07/14/2026 10:20:56 AM
      Step Count                        303  Switch Count  0


NOTE: Table WORK.BPH_TAM created, with 7891195 rows and 11 columns.

NOTE: PROCEDURE SQL used (Total process time):
      real time           22.88 seconds
      user cpu time       7.59 seconds
      system cpu time     4.09 seconds
      memory              1104147.34k
      OS Memory           1133192.00k
      Timestamp           07/14/2026 10:21:18 AM
      Step Count                        304  Switch Count  0


NOTE: PROCEDURE SQL used (Total process time):
      real time           1.78 seconds
      user cpu time       1.11 seconds
      system cpu time     0.40 seconds
      memory              11557.84k
      OS Memory           42232.00k
      Timestamp           07/14/2026 10:21:20 AM
      Step Count                        305  Switch Count  0


NOTE: Table WORK.PREVALENTUSERS created, with 35200 rows and 1 columns.

NOTE: PROCEDURE SQL used (Total process time):
      real time           8.23 seconds
      user cpu time       7.76 seconds
      system cpu time     0.42 seconds
      memory              21873.95k
      OS Memory           51332.00k
      Timestamp           07/14/2026 10:21:29 AM
      Step Count                        306  Switch Count  0


NOTE: PROCEDURE SQL used (Total process time):
      real time           0.04 seconds
      user cpu time       0.00 seconds
      system cpu time     0.01 seconds
      memory              5410.89k
      OS Memory           36348.00k
      Timestamp           07/14/2026 10:21:29 AM
      Step Count                        307  Switch Count  0


NOTE: Table OUTPUT.RX_BPH_POSTSTART created, with 4199004 rows and 11 columns.

NOTE: PROCEDURE SQL used (Total process time):
      real time           1:42.79
      user cpu time       1:11.42
      system cpu time     29.89 seconds
      memory              5666.95k
      OS Memory           36348.00k
      Timestamp           07/14/2026 10:23:11 AM
      Step Count                        308  Switch Count  0


NOTE: PROCEDURE SQL used (Total process time):
      real time           3.00 seconds
      user cpu time       0.64 seconds
      system cpu time     0.18 seconds
      memory              7701.96k
      OS Memory           37880.00k
      Timestamp           07/14/2026 10:23:14 AM
      Step Count                        309  Switch Count  0


NOTE: Table OUTPUT.BPHEARLIESTDATE created, with 75567 rows and 2 columns.

NOTE: PROCEDURE SQL used (Total process time):
      real time           1.03 seconds
      user cpu time       1.35 seconds
      system cpu time     0.40 seconds
      memory              279830.65k
      OS Memory           309568.00k
      Timestamp           07/14/2026 10:23:15 AM
      Step Count                        310  Switch Count  0


NOTE: Table OUTPUT.EARLIESTRXBPHALL created, with 82121 rows and 9 columns.

NOTE: PROCEDURE SQL used (Total process time):
      real time           4.60 seconds
      user cpu time       2.11 seconds
      system cpu time     1.31 seconds
      memory              565732.89k
      OS Memory           595036.00k
      Timestamp           07/14/2026 10:23:20 AM
      Step Count                        311  Switch Count  0


NOTE: PROCEDURE SQL used (Total process time):
      real time           0.16 seconds
      user cpu time       0.01 seconds
      system cpu time     0.01 seconds
      memory              7730.68k
      OS Memory           37880.00k
      Timestamp           07/14/2026 10:23:20 AM
      Step Count                        312  Switch Count  0


NOTE: Table WORK.EXCLUDEMULTI created, with 4432 rows and 1 columns.

NOTE: PROCEDURE SQL used (Total process time):
      real time           0.24 seconds
      user cpu time       0.12 seconds
      system cpu time     0.10 seconds
      memory              9355.17k
      OS Memory           39012.00k
      Timestamp           07/14/2026 10:23:20 AM
      Step Count                        313  Switch Count  0


NOTE: Table WORK.EARLIESTRXBPH_FILTERED created, with 72915 rows and 9 columns.

NOTE: PROCEDURE SQL used (Total process time):
      real time           0.09 seconds
      user cpu time       0.01 seconds
      system cpu time     0.00 seconds
      memory              5643.81k
      OS Memory           36348.00k
      Timestamp           07/14/2026 10:23:21 AM
      Step Count                        314  Switch Count  0


WARNING: This CREATE TABLE statement recursively references the target table. A consequence of
         this is a possible data integrity problem.
NOTE: Table WORK.EARLIESTRXBPH_FILTERED created, with 64934 rows and 9 columns.

NOTE: PROCEDURE SQL used (Total process time):
      real time           0.06 seconds
      user cpu time       0.03 seconds
      system cpu time     0.00 seconds
      memory              5416.73k
      OS Memory           36348.00k
      Timestamp           07/14/2026 10:23:21 AM
      Step Count                        315  Switch Count  0


NOTE: PROCEDURE SQL used (Total process time):
      real time           0.04 seconds
      user cpu time       0.01 seconds
      system cpu time     0.01 seconds
      memory              6490.73k
      OS Memory           36348.00k
      Timestamp           07/14/2026 10:23:21 AM
      Step Count                        316  Switch Count  0


NOTE: Table OUTPUT.BPHDRUGATC_1 created, with 3489900 rows and 11 columns.

NOTE: PROCEDURE SQL used (Total process time):
      real time           10.00 seconds
      user cpu time       2.81 seconds
      system cpu time     2.87 seconds
      memory              896600.14k
      OS Memory           925776.00k
      Timestamp           07/14/2026 10:23:31 AM
      Step Count                        317  Switch Count  0


1101
1102  proc datasets library = work kill nolist;
NOTE: Deleting WORK.APPENDED_DRUGS (memtype=DATA).
NOTE: Deleting WORK.BPH_DOSAGES (memtype=DATA).
NOTE: Deleting WORK.BPH_DOSAGES_MG (memtype=DATA).
NOTE: Deleting WORK.BPH_TAM (memtype=DATA).
NOTE: Deleting WORK.BPH_TAM_CLEANING (memtype=DATA).
NOTE: Deleting WORK.EARLIESTRXBPH_FILTERED (memtype=DATA).
NOTE: Deleting WORK.EXCLUDEMULTI (memtype=DATA).
NOTE: Deleting WORK.PREVALENTUSERS (memtype=DATA).
NOTE: Deleting WORK.SASMACR (memtype=CATALOG).
NOTE: File WORK.SASMACR (memtype=CATALOG) cannot be deleted because it is in use.
1103  run;

1104  quit;

NOTE: PROCEDURE DATASETS used (Total process time):
      real time           0.21 seconds
      user cpu time       0.01 seconds
      system cpu time     0.06 seconds
      memory              234.40k
      OS Memory           31224.00k
      Timestamp           07/14/2026 10:23:31 AM
      Step Count                        318  Switch Count  0


1105
1106  %drugdata(in=rawdata.drugissue_2, out= output.bphdrugatc_2)
NOTE: Table CODELIST.TAMSULOSIN_CODES created, with 26 rows and 12 columns.

NOTE: PROCEDURE SQL used (Total process time):
      real time           0.48 seconds
      user cpu time       0.01 seconds
      system cpu time     0.00 seconds
      memory              5494.20k
      OS Memory           36348.00k
      Timestamp           07/14/2026 10:23:31 AM
      Step Count                        319  Switch Count  0


NOTE: Table OUTPUT.TAMSULOSIN_DRUGS created, with 5116856 rows and 8 columns.

NOTE: PROCEDURE SQL used (Total process time):
      real time           2:10.30
      user cpu time       29.32 seconds
      system cpu time     8.37 seconds
      memory              5649.78k
      OS Memory           36348.00k
      Timestamp           07/14/2026 10:25:42 AM
      Step Count                        320  Switch Count  0


NOTE: Table CODELIST.FINASTERIDE_MONO1_CODES created, with 3 rows and 12 columns.

NOTE: PROCEDURE SQL used (Total process time):
      real time           0.43 seconds
      user cpu time       0.01 seconds
      system cpu time     0.04 seconds
      memory              5494.20k
      OS Memory           36348.00k
      Timestamp           07/14/2026 10:25:42 AM
      Step Count                        321  Switch Count  0


NOTE: Table OUTPUT.FINASTERIDE_MONO1_DRUGS created, with 2949886 rows and 8 columns.

NOTE: PROCEDURE SQL used (Total process time):
      real time           2:09.58
      user cpu time       30.11 seconds
      system cpu time     8.50 seconds
      memory              5649.78k
      OS Memory           36348.00k
      Timestamp           07/14/2026 10:27:52 AM
      Step Count                        322  Switch Count  0


NOTE: Table CODELIST.FINASTERIDE_MONO2_CODES created, with 3 rows and 12 columns.

NOTE: PROCEDURE SQL used (Total process time):
      real time           0.46 seconds
      user cpu time       0.00 seconds
      system cpu time     0.04 seconds
      memory              5494.20k
      OS Memory           36348.00k
      Timestamp           07/14/2026 10:27:52 AM
      Step Count                        323  Switch Count  0


NOTE: Table OUTPUT.FINASTERIDE_MONO2_DRUGS created, with 2334 rows and 8 columns.

NOTE: PROCEDURE SQL used (Total process time):
      real time           2:08.10
      user cpu time       28.85 seconds
      system cpu time     6.90 seconds
      memory              5649.78k
      OS Memory           36348.00k
      Timestamp           07/14/2026 10:30:00 AM
      Step Count                        324  Switch Count  0


NOTE: Table CODELIST.ALFUZOSIN_CODES created, with 12 rows and 12 columns.

NOTE: PROCEDURE SQL used (Total process time):
      real time           0.41 seconds
      user cpu time       0.00 seconds
      system cpu time     0.04 seconds
      memory              5494.20k
      OS Memory           36348.00k
      Timestamp           07/14/2026 10:30:01 AM
      Step Count                        325  Switch Count  0


NOTE: Table OUTPUT.ALFUZOSIN_DRUGS created, with 622243 rows and 8 columns.

NOTE: PROCEDURE SQL used (Total process time):
      real time           2:10.08
      user cpu time       29.18 seconds
      system cpu time     8.29 seconds
      memory              5649.78k
      OS Memory           36348.00k
      Timestamp           07/14/2026 10:32:11 AM
      Step Count                        326  Switch Count  0



NOTE: There were 5116856 observations read from the data set OUTPUT.TAMSULOSIN_DRUGS.
NOTE: There were 622243 observations read from the data set OUTPUT.ALFUZOSIN_DRUGS.
NOTE: There were 2949886 observations read from the data set OUTPUT.FINASTERIDE_MONO1_DRUGS.
NOTE: There were 2334 observations read from the data set OUTPUT.FINASTERIDE_MONO2_DRUGS.
NOTE: The data set WORK.APPENDED_DRUGS has 8691319 observations and 9 variables.
NOTE: DATA statement used (Total process time):
      real time           10.51 seconds
      user cpu time       0.70 seconds
      system cpu time     1.84 seconds
      memory              1412.40k
      OS Memory           31480.00k
      Timestamp           07/14/2026 10:32:21 AM
      Step Count                        327  Switch Count  0



NOTE: There were 8691319 observations read from the data set WORK.APPENDED_DRUGS.
NOTE: The data set OUTPUT.BPH_DRUGS has 8691319 observations and 10 variables.
NOTE: DATA statement used (Total process time):
      real time           22.21 seconds
      user cpu time       3.32 seconds
      system cpu time     4.11 seconds
      memory              662.53k
      OS Memory           31224.00k
      Timestamp           07/14/2026 10:32:44 AM
      Step Count                        328  Switch Count  0


NOTE: PROCEDURE SQL used (Total process time):
      real time           9.46 seconds
      user cpu time       1.12 seconds
      system cpu time     0.45 seconds
      memory              13214.39k
      OS Memory           44280.00k
      Timestamp           07/14/2026 10:32:53 AM
      Step Count                        329  Switch Count  0



NOTE: Input data set is already sorted, no sorting done.
NOTE: PROCEDURE SORT used (Total process time):
      real time           0.05 seconds
      user cpu time       0.00 seconds
      system cpu time     0.00 seconds
      memory              348.15k
      OS Memory           31224.00k
      Timestamp           07/14/2026 10:32:53 AM
      Step Count                        330  Switch Count  0



NOTE: There were 8691319 observations read from the data set OUTPUT.BPH_DRUGS.
NOTE: The data set OUTPUT.BPH_DRUGS has 8691319 observations and 10 variables.
NOTE: PROCEDURE SORT used (Total process time):
      real time           36.04 seconds
      user cpu time       7.96 seconds
      system cpu time     5.73 seconds
      memory              1053780.79k
      OS Memory           1084320.00k
      Timestamp           07/14/2026 10:33:29 AM
      Step Count                        331  Switch Count  0



NOTE: There were 139672 observations read from the data set CODELIST.COMMON_DOSAGES_AURUM_DEC2025.
NOTE: There were 8691319 observations read from the data set OUTPUT.BPH_DRUGS.
NOTE: The data set WORK.BPH_DOSAGES has 8691319 observations and 20 variables.
NOTE: DATA statement used (Total process time):
      real time           15.53 seconds
      user cpu time       1.35 seconds
      system cpu time     2.61 seconds
      memory              1062.09k
      OS Memory           31224.00k
      Timestamp           07/14/2026 10:33:45 AM
      Step Count                        332  Switch Count  0



NOTE: PROCEDURE UNIVARIATE used (Total process time):
      real time           5.98 seconds
      user cpu time       3.68 seconds
      system cpu time     1.31 seconds
      memory              535.12k
      OS Memory           31224.00k
      Timestamp           07/14/2026 10:33:51 AM
      Step Count                        333  Switch Count  0



NOTE: PROCEDURE UNIVARIATE used (Total process time):
      real time           5.68 seconds
      user cpu time       4.15 seconds
      system cpu time     1.21 seconds
      memory              526.25k
      OS Memory           31224.00k
      Timestamp           07/14/2026 10:33:57 AM
      Step Count                        334  Switch Count  0



NOTE: PROCEDURE UNIVARIATE used (Total process time):
      real time           5.35 seconds
      user cpu time       3.90 seconds
      system cpu time     1.40 seconds
      memory              694.46k
      OS Memory           31224.00k
      Timestamp           07/14/2026 10:34:02 AM
      Step Count                        335  Switch Count  0



NOTE: There were 8691319 observations read from the data set WORK.BPH_DOSAGES.
NOTE: The data set WORK.BPH_DOSAGES_MG has 8691319 observations and 21 variables.
NOTE: DATA statement used (Total process time):
      real time           43.33 seconds
      user cpu time       1.54 seconds
      system cpu time     3.84 seconds
      memory              654.50k
      OS Memory           31224.00k
      Timestamp           07/14/2026 10:34:45 AM
      Step Count                        336  Switch Count  0



NOTE: There were 8691319 observations read from the data set WORK.BPH_DOSAGES_MG.
NOTE: The data set WORK.BPH_TAM_CLEANING has 8691319 observations and 22 variables.
NOTE: DATA statement used (Total process time):
      real time           38.22 seconds
      user cpu time       1.71 seconds
      system cpu time     3.76 seconds
      memory              661.32k
      OS Memory           31224.00k
      Timestamp           07/14/2026 10:35:23 AM
      Step Count                        337  Switch Count  0



NOTE: PROCEDURE UNIVARIATE used (Total process time):
      real time           7.20 seconds
      user cpu time       5.03 seconds
      system cpu time     1.25 seconds
      memory              524.39k
      OS Memory           31224.00k
      Timestamp           07/14/2026 10:35:31 AM
      Step Count                        338  Switch Count  0


NOTE: Table WORK.BPH_TAM created, with 8166448 rows and 11 columns.

NOTE: PROCEDURE SQL used (Total process time):
      real time           22.78 seconds
      user cpu time       7.56 seconds
      system cpu time     4.50 seconds
      memory              1104148.71k
      OS Memory           1133448.00k
      Timestamp           07/14/2026 10:35:53 AM
      Step Count                        339  Switch Count  0


NOTE: PROCEDURE SQL used (Total process time):
      real time           1.74 seconds
      user cpu time       1.21 seconds
      system cpu time     0.40 seconds
      memory              11884.67k
      OS Memory           42744.00k
      Timestamp           07/14/2026 10:35:55 AM
      Step Count                        340  Switch Count  0


NOTE: Table WORK.PREVALENTUSERS created, with 36611 rows and 1 columns.

NOTE: PROCEDURE SQL used (Total process time):
      real time           8.46 seconds
      user cpu time       7.98 seconds
      system cpu time     0.53 seconds
      memory              23509.35k
      OS Memory           52968.00k
      Timestamp           07/14/2026 10:36:04 AM
      Step Count                        341  Switch Count  0


NOTE: PROCEDURE SQL used (Total process time):
      real time           0.04 seconds
      user cpu time       0.01 seconds
      system cpu time     0.01 seconds
      memory              5410.89k
      OS Memory           36348.00k
      Timestamp           07/14/2026 10:36:04 AM
      Step Count                        342  Switch Count  0


NOTE: Table OUTPUT.RX_BPH_POSTSTART created, with 4263926 rows and 11 columns.

NOTE: PROCEDURE SQL used (Total process time):
      real time           1:46.83
      user cpu time       1:14.46
      system cpu time     30.04 seconds
      memory              5666.95k
      OS Memory           36348.00k
      Timestamp           07/14/2026 10:37:51 AM
      Step Count                        343  Switch Count  0


NOTE: PROCEDURE SQL used (Total process time):
      real time           3.16 seconds
      user cpu time       0.53 seconds
      system cpu time     0.21 seconds
      memory              7812.81k
      OS Memory           37880.00k
      Timestamp           07/14/2026 10:37:54 AM
      Step Count                        344  Switch Count  0


NOTE: Table OUTPUT.BPHEARLIESTDATE created, with 76954 rows and 2 columns.

NOTE: PROCEDURE SQL used (Total process time):
      real time           1.05 seconds
      user cpu time       1.37 seconds
      system cpu time     0.65 seconds
      memory              283614.46k
      OS Memory           313352.00k
      Timestamp           07/14/2026 10:37:55 AM
      Step Count                        345  Switch Count  0


NOTE: Table OUTPUT.EARLIESTRXBPHALL created, with 83227 rows and 9 columns.

NOTE: PROCEDURE SQL used (Total process time):
      real time           3.70 seconds
      user cpu time       2.09 seconds
      system cpu time     0.98 seconds
      memory              573932.62k
      OS Memory           603236.00k
      Timestamp           07/14/2026 10:37:59 AM
      Step Count                        346  Switch Count  0


NOTE: PROCEDURE SQL used (Total process time):
      real time           0.10 seconds
      user cpu time       0.03 seconds
      system cpu time     0.01 seconds
      memory              7809.35k
      OS Memory           37880.00k
      Timestamp           07/14/2026 10:37:59 AM
      Step Count                        347  Switch Count  0


NOTE: Table WORK.EXCLUDEMULTI created, with 4106 rows and 1 columns.

NOTE: PROCEDURE SQL used (Total process time):
      real time           0.25 seconds
      user cpu time       0.14 seconds
      system cpu time     0.12 seconds
      memory              9355.26k
      OS Memory           39012.00k
      Timestamp           07/14/2026 10:37:59 AM
      Step Count                        348  Switch Count  0


NOTE: Table WORK.EARLIESTRXBPH_FILTERED created, with 74740 rows and 9 columns.

NOTE: PROCEDURE SQL used (Total process time):
      real time           0.08 seconds
      user cpu time       0.01 seconds
      system cpu time     0.01 seconds
      memory              5643.81k
      OS Memory           36348.00k
      Timestamp           07/14/2026 10:37:59 AM
      Step Count                        349  Switch Count  0


WARNING: This CREATE TABLE statement recursively references the target table. A consequence of
         this is a possible data integrity problem.
NOTE: Table WORK.EARLIESTRXBPH_FILTERED created, with 66813 rows and 9 columns.

NOTE: PROCEDURE SQL used (Total process time):
      real time           0.04 seconds
      user cpu time       0.01 seconds
      system cpu time     0.00 seconds
      memory              5416.73k
      OS Memory           36348.00k
      Timestamp           07/14/2026 10:37:59 AM
      Step Count                        350  Switch Count  0


NOTE: PROCEDURE SQL used (Total process time):
      real time           0.05 seconds
      user cpu time       0.01 seconds
      system cpu time     0.00 seconds
      memory              6715.29k
      OS Memory           36600.00k
      Timestamp           07/14/2026 10:37:59 AM
      Step Count                        351  Switch Count  0


NOTE: Table OUTPUT.BPHDRUGATC_2 created, with 3597661 rows and 11 columns.

NOTE: PROCEDURE SQL used (Total process time):
      real time           9.85 seconds
      user cpu time       2.79 seconds
      system cpu time     2.67 seconds
      memory              909919.95k
      OS Memory           939096.00k
      Timestamp           07/14/2026 10:38:09 AM
      Step Count                        352  Switch Count  0


1107
1108  proc datasets library = work kill nolist;
NOTE: Deleting WORK.APPENDED_DRUGS (memtype=DATA).
NOTE: Deleting WORK.BPH_DOSAGES (memtype=DATA).
NOTE: Deleting WORK.BPH_DOSAGES_MG (memtype=DATA).
NOTE: Deleting WORK.BPH_TAM (memtype=DATA).
NOTE: Deleting WORK.BPH_TAM_CLEANING (memtype=DATA).
NOTE: Deleting WORK.EARLIESTRXBPH_FILTERED (memtype=DATA).
NOTE: Deleting WORK.EXCLUDEMULTI (memtype=DATA).
NOTE: Deleting WORK.PREVALENTUSERS (memtype=DATA).
NOTE: Deleting WORK.SASMACR (memtype=CATALOG).
NOTE: File WORK.SASMACR (memtype=CATALOG) cannot be deleted because it is in use.
1109  run;

1110  quit;

NOTE: PROCEDURE DATASETS used (Total process time):
      real time           0.48 seconds
      user cpu time       0.00 seconds
      system cpu time     0.15 seconds
      memory              236.26k
      OS Memory           31224.00k
      Timestamp           07/14/2026 10:38:09 AM
      Step Count                        353  Switch Count  0


1111
1112  %drugdata(in=rawdata.drugissue_3, out= output.bphdrugatc_3)
NOTE: Table CODELIST.TAMSULOSIN_CODES created, with 26 rows and 12 columns.

NOTE: PROCEDURE SQL used (Total process time):
      real time           0.44 seconds
      user cpu time       0.01 seconds
      system cpu time     0.06 seconds
      memory              5494.20k
      OS Memory           36348.00k
      Timestamp           07/14/2026 10:38:10 AM
      Step Count                        354  Switch Count  0


NOTE: Table OUTPUT.TAMSULOSIN_DRUGS created, with 5162066 rows and 8 columns.

NOTE: PROCEDURE SQL used (Total process time):
      real time           2:07.44
      user cpu time       28.56 seconds
      system cpu time     8.04 seconds
      memory              5649.78k
      OS Memory           36348.00k
      Timestamp           07/14/2026 10:40:17 AM
      Step Count                        355  Switch Count  0


NOTE: Table CODELIST.FINASTERIDE_MONO1_CODES created, with 3 rows and 12 columns.

NOTE: PROCEDURE SQL used (Total process time):
      real time           0.41 seconds
      user cpu time       0.00 seconds
      system cpu time     0.04 seconds
      memory              5494.20k
      OS Memory           36348.00k
      Timestamp           07/14/2026 10:40:18 AM
      Step Count                        356  Switch Count  0


NOTE: Table OUTPUT.FINASTERIDE_MONO1_DRUGS created, with 2883487 rows and 8 columns.

NOTE: PROCEDURE SQL used (Total process time):
      real time           2:03.97
      user cpu time       28.65 seconds
      system cpu time     7.56 seconds
      memory              5649.78k
      OS Memory           36348.00k
      Timestamp           07/14/2026 10:42:22 AM
      Step Count                        357  Switch Count  0


NOTE: Table CODELIST.FINASTERIDE_MONO2_CODES created, with 3 rows and 12 columns.

NOTE: PROCEDURE SQL used (Total process time):
      real time           0.72 seconds
      user cpu time       0.03 seconds
      system cpu time     0.06 seconds
      memory              5494.20k
      OS Memory           36348.00k
      Timestamp           07/14/2026 10:42:23 AM
      Step Count                        358  Switch Count  0


NOTE: Table OUTPUT.FINASTERIDE_MONO2_DRUGS created, with 2200 rows and 8 columns.

NOTE: PROCEDURE SQL used (Total process time):
      real time           2:01.92
      user cpu time       28.89 seconds
      system cpu time     7.61 seconds
      memory              5649.78k
      OS Memory           36348.00k
      Timestamp           07/14/2026 10:44:25 AM
      Step Count                        359  Switch Count  0


NOTE: Table CODELIST.ALFUZOSIN_CODES created, with 12 rows and 12 columns.

NOTE: PROCEDURE SQL used (Total process time):
      real time           0.39 seconds
      user cpu time       0.01 seconds
      system cpu time     0.03 seconds
      memory              5494.20k
      OS Memory           36348.00k
      Timestamp           07/14/2026 10:44:25 AM
      Step Count                        360  Switch Count  0


NOTE: Table OUTPUT.ALFUZOSIN_DRUGS created, with 525590 rows and 8 columns.

NOTE: PROCEDURE SQL used (Total process time):
      real time           2:03.19
      user cpu time       28.96 seconds
      system cpu time     6.79 seconds
      memory              5649.78k
      OS Memory           36348.00k
      Timestamp           07/14/2026 10:46:28 AM
      Step Count                        361  Switch Count  0



NOTE: There were 5162066 observations read from the data set OUTPUT.TAMSULOSIN_DRUGS.
NOTE: There were 525590 observations read from the data set OUTPUT.ALFUZOSIN_DRUGS.
NOTE: There were 2883487 observations read from the data set OUTPUT.FINASTERIDE_MONO1_DRUGS.
NOTE: There were 2200 observations read from the data set OUTPUT.FINASTERIDE_MONO2_DRUGS.
NOTE: The data set WORK.APPENDED_DRUGS has 8573343 observations and 9 variables.
NOTE: DATA statement used (Total process time):
      real time           9.83 seconds
      user cpu time       0.79 seconds
      system cpu time     1.71 seconds
      memory              1412.40k
      OS Memory           31480.00k
      Timestamp           07/14/2026 10:46:38 AM
      Step Count                        362  Switch Count  0



NOTE: There were 8573343 observations read from the data set WORK.APPENDED_DRUGS.
NOTE: The data set OUTPUT.BPH_DRUGS has 8573343 observations and 10 variables.
NOTE: DATA statement used (Total process time):
      real time           20.78 seconds
      user cpu time       3.18 seconds
      system cpu time     3.70 seconds
      memory              662.53k
      OS Memory           31224.00k
      Timestamp           07/14/2026 10:46:59 AM
      Step Count                        363  Switch Count  0


NOTE: PROCEDURE SQL used (Total process time):
      real time           9.28 seconds
      user cpu time       1.17 seconds
      system cpu time     0.54 seconds
      memory              12994.10k
      OS Memory           44024.00k
      Timestamp           07/14/2026 10:47:08 AM
      Step Count                        364  Switch Count  0



NOTE: Input data set is already sorted, no sorting done.
NOTE: PROCEDURE SORT used (Total process time):
      real time           0.07 seconds
      user cpu time       0.00 seconds
      system cpu time     0.00 seconds
      memory              348.15k
      OS Memory           31224.00k
      Timestamp           07/14/2026 10:47:08 AM
      Step Count                        365  Switch Count  0



NOTE: There were 8573343 observations read from the data set OUTPUT.BPH_DRUGS.
NOTE: The data set OUTPUT.BPH_DRUGS has 8573343 observations and 10 variables.
NOTE: PROCEDURE SORT used (Total process time):
      real time           35.73 seconds
      user cpu time       7.76 seconds
      system cpu time     6.01 seconds
      memory              1053780.59k
      OS Memory           1084320.00k
      Timestamp           07/14/2026 10:47:44 AM
      Step Count                        366  Switch Count  0



NOTE: There were 139672 observations read from the data set CODELIST.COMMON_DOSAGES_AURUM_DEC2025.
NOTE: There were 8573343 observations read from the data set OUTPUT.BPH_DRUGS.
NOTE: The data set WORK.BPH_DOSAGES has 8573343 observations and 20 variables.
NOTE: DATA statement used (Total process time):
      real time           15.73 seconds
      user cpu time       1.42 seconds
      system cpu time     2.75 seconds
      memory              1062.09k
      OS Memory           31224.00k
      Timestamp           07/14/2026 10:48:00 AM
      Step Count                        367  Switch Count  0



NOTE: PROCEDURE UNIVARIATE used (Total process time):
      real time           5.78 seconds
      user cpu time       3.54 seconds
      system cpu time     1.34 seconds
      memory              535.12k
      OS Memory           31224.00k
      Timestamp           07/14/2026 10:48:05 AM
      Step Count                        368  Switch Count  0



NOTE: PROCEDURE UNIVARIATE used (Total process time):
      real time           5.20 seconds
      user cpu time       3.89 seconds
      system cpu time     1.20 seconds
      memory              524.39k
      OS Memory           31224.00k
      Timestamp           07/14/2026 10:48:11 AM
      Step Count                        369  Switch Count  0



NOTE: PROCEDURE UNIVARIATE used (Total process time):
      real time           5.22 seconds
      user cpu time       3.82 seconds
      system cpu time     1.31 seconds
      memory              671.98k
      OS Memory           31224.00k
      Timestamp           07/14/2026 10:48:16 AM
      Step Count                        370  Switch Count  0



NOTE: There were 8573343 observations read from the data set WORK.BPH_DOSAGES.
NOTE: The data set WORK.BPH_DOSAGES_MG has 8573343 observations and 21 variables.
NOTE: DATA statement used (Total process time):
      real time           39.25 seconds
      user cpu time       1.40 seconds
      system cpu time     3.89 seconds
      memory              654.50k
      OS Memory           31224.00k
      Timestamp           07/14/2026 10:48:55 AM
      Step Count                        371  Switch Count  0



NOTE: There were 8573343 observations read from the data set WORK.BPH_DOSAGES_MG.
NOTE: The data set WORK.BPH_TAM_CLEANING has 8573343 observations and 22 variables.
NOTE: DATA statement used (Total process time):
      real time           40.54 seconds
      user cpu time       1.45 seconds
      system cpu time     3.53 seconds
      memory              661.32k
      OS Memory           31224.00k
      Timestamp           07/14/2026 10:49:36 AM
      Step Count                        372  Switch Count  0



NOTE: PROCEDURE UNIVARIATE used (Total process time):
      real time           6.79 seconds
      user cpu time       5.06 seconds
      system cpu time     1.32 seconds
      memory              526.10k
      OS Memory           31224.00k
      Timestamp           07/14/2026 10:49:42 AM
      Step Count                        373  Switch Count  0


NOTE: Table WORK.BPH_TAM created, with 8025615 rows and 11 columns.

NOTE: PROCEDURE SQL used (Total process time):
      real time           21.97 seconds
      user cpu time       7.53 seconds
      system cpu time     4.23 seconds
      memory              1104148.93k
      OS Memory           1133448.00k
      Timestamp           07/14/2026 10:50:04 AM
      Step Count                        374  Switch Count  0


NOTE: PROCEDURE SQL used (Total process time):
      real time           1.81 seconds
      user cpu time       1.07 seconds
      system cpu time     0.54 seconds
      memory              11540.40k
      OS Memory           42232.00k
      Timestamp           07/14/2026 10:50:06 AM
      Step Count                        375  Switch Count  0


NOTE: Table WORK.PREVALENTUSERS created, with 35691 rows and 1 columns.

NOTE: PROCEDURE SQL used (Total process time):
      real time           8.38 seconds
      user cpu time       7.76 seconds
      system cpu time     0.57 seconds
      memory              23509.45k
      OS Memory           52968.00k
      Timestamp           07/14/2026 10:50:15 AM
      Step Count                        376  Switch Count  0


NOTE: PROCEDURE SQL used (Total process time):
      real time           0.04 seconds
      user cpu time       0.01 seconds
      system cpu time     0.00 seconds
      memory              5410.89k
      OS Memory           36348.00k
      Timestamp           07/14/2026 10:50:15 AM
      Step Count                        377  Switch Count  0


NOTE: Table OUTPUT.RX_BPH_POSTSTART created, with 4163393 rows and 11 columns.

NOTE: PROCEDURE SQL used (Total process time):
      real time           1:41.23
      user cpu time       1:11.20
      system cpu time     28.67 seconds
      memory              5666.95k
      OS Memory           36348.00k
      Timestamp           07/14/2026 10:51:56 AM
      Step Count                        378  Switch Count  0


NOTE: PROCEDURE SQL used (Total process time):
      real time           3.25 seconds
      user cpu time       0.53 seconds
      system cpu time     0.29 seconds
      memory              7481.81k
      OS Memory           37624.00k
      Timestamp           07/14/2026 10:51:59 AM
      Step Count                        379  Switch Count  0


NOTE: Table OUTPUT.BPHEARLIESTDATE created, with 74010 rows and 2 columns.

NOTE: PROCEDURE SQL used (Total process time):
      real time           1.04 seconds
      user cpu time       1.23 seconds
      system cpu time     0.57 seconds
      memory              277939.10k
      OS Memory           307676.00k
      Timestamp           07/14/2026 10:52:00 AM
      Step Count                        380  Switch Count  0


NOTE: Table OUTPUT.EARLIESTRXBPHALL created, with 80461 rows and 9 columns.

NOTE: PROCEDURE SQL used (Total process time):
      real time           4.60 seconds
      user cpu time       2.32 seconds
      system cpu time     1.01 seconds
      memory              561632.95k
      OS Memory           590936.00k
      Timestamp           07/14/2026 10:52:05 AM
      Step Count                        381  Switch Count  0


NOTE: PROCEDURE SQL used (Total process time):
      real time           0.08 seconds
      user cpu time       0.01 seconds
      system cpu time     0.01 seconds
      memory              7478.35k
      OS Memory           37624.00k
      Timestamp           07/14/2026 10:52:05 AM
      Step Count                        382  Switch Count  0


NOTE: Table WORK.EXCLUDEMULTI created, with 4150 rows and 1 columns.

NOTE: PROCEDURE SQL used (Total process time):
      real time           0.22 seconds
      user cpu time       0.11 seconds
      system cpu time     0.12 seconds
      memory              9355.35k
      OS Memory           39012.00k
      Timestamp           07/14/2026 10:52:05 AM
      Step Count                        383  Switch Count  0


NOTE: Table WORK.EARLIESTRXBPH_FILTERED created, with 71886 rows and 9 columns.

NOTE: PROCEDURE SQL used (Total process time):
      real time           0.04 seconds
      user cpu time       0.03 seconds
      system cpu time     0.00 seconds
      memory              5643.81k
      OS Memory           36348.00k
      Timestamp           07/14/2026 10:52:05 AM
      Step Count                        384  Switch Count  0


WARNING: This CREATE TABLE statement recursively references the target table. A consequence of
         this is a possible data integrity problem.
NOTE: Table WORK.EARLIESTRXBPH_FILTERED created, with 63472 rows and 9 columns.

NOTE: PROCEDURE SQL used (Total process time):
      real time           0.04 seconds
      user cpu time       0.03 seconds
      system cpu time     0.00 seconds
      memory              5416.73k
      OS Memory           36348.00k
      Timestamp           07/14/2026 10:52:05 AM
      Step Count                        385  Switch Count  0


NOTE: PROCEDURE SQL used (Total process time):
      real time           0.09 seconds
      user cpu time       0.01 seconds
      system cpu time     0.01 seconds
      memory              6414.60k
      OS Memory           36348.00k
      Timestamp           07/14/2026 10:52:05 AM
      Step Count                        386  Switch Count  0


NOTE: Table OUTPUT.BPHDRUGATC_3 created, with 3457296 rows and 11 columns.

NOTE: PROCEDURE SQL used (Total process time):
      real time           10.12 seconds
      user cpu time       2.87 seconds
      system cpu time     2.51 seconds
      memory              883280.73k
      OS Memory           912456.00k
      Timestamp           07/14/2026 10:52:16 AM
      Step Count                        387  Switch Count  0


1113
1114  proc datasets library = work kill nolist;
NOTE: Deleting WORK.APPENDED_DRUGS (memtype=DATA).
NOTE: Deleting WORK.BPH_DOSAGES (memtype=DATA).
NOTE: Deleting WORK.BPH_DOSAGES_MG (memtype=DATA).
NOTE: Deleting WORK.BPH_TAM (memtype=DATA).
NOTE: Deleting WORK.BPH_TAM_CLEANING (memtype=DATA).
NOTE: Deleting WORK.EARLIESTRXBPH_FILTERED (memtype=DATA).
NOTE: Deleting WORK.EXCLUDEMULTI (memtype=DATA).
NOTE: Deleting WORK.PREVALENTUSERS (memtype=DATA).
NOTE: Deleting WORK.SASMACR (memtype=CATALOG).
NOTE: File WORK.SASMACR (memtype=CATALOG) cannot be deleted because it is in use.
1115  run;

1116  quit;

NOTE: PROCEDURE DATASETS used (Total process time):
      real time           0.17 seconds
      user cpu time       0.00 seconds
      system cpu time     0.07 seconds
      memory              231.84k
      OS Memory           31224.00k
      Timestamp           07/14/2026 10:52:16 AM
      Step Count                        388  Switch Count  0


1117
1118  %drugdata(in=rawdata.drugissue_4, out= output.bphdrugatc_4)
NOTE: Table CODELIST.TAMSULOSIN_CODES created, with 26 rows and 12 columns.

NOTE: PROCEDURE SQL used (Total process time):
      real time           0.45 seconds
      user cpu time       0.00 seconds
      system cpu time     0.04 seconds
      memory              5494.32k
      OS Memory           36348.00k
      Timestamp           07/14/2026 10:52:16 AM
      Step Count                        389  Switch Count  0


NOTE: Table OUTPUT.TAMSULOSIN_DRUGS created, with 5314077 rows and 8 columns.

NOTE: PROCEDURE SQL used (Total process time):
      real time           2:18.69
      user cpu time       30.56 seconds
      system cpu time     8.89 seconds
      memory              5649.90k
      OS Memory           36348.00k
      Timestamp           07/14/2026 10:54:35 AM
      Step Count                        390  Switch Count  0


NOTE: Table CODELIST.FINASTERIDE_MONO1_CODES created, with 3 rows and 12 columns.

NOTE: PROCEDURE SQL used (Total process time):
      real time           0.42 seconds
      user cpu time       0.01 seconds
      system cpu time     0.03 seconds
      memory              5494.32k
      OS Memory           36348.00k
      Timestamp           07/14/2026 10:54:35 AM
      Step Count                        391  Switch Count  0


NOTE: Table OUTPUT.FINASTERIDE_MONO1_DRUGS created, with 2869341 rows and 8 columns.

NOTE: PROCEDURE SQL used (Total process time):
      real time           2:09.72
      user cpu time       27.81 seconds
      system cpu time     7.89 seconds
      memory              5649.90k
      OS Memory           36348.00k
      Timestamp           07/14/2026 10:56:45 AM
      Step Count                        392  Switch Count  0


NOTE: Table CODELIST.FINASTERIDE_MONO2_CODES created, with 3 rows and 12 columns.

NOTE: PROCEDURE SQL used (Total process time):
      real time           0.45 seconds
      user cpu time       0.00 seconds
      system cpu time     0.01 seconds
      memory              5494.32k
      OS Memory           36348.00k
      Timestamp           07/14/2026 10:56:46 AM
      Step Count                        393  Switch Count  0


NOTE: Table OUTPUT.FINASTERIDE_MONO2_DRUGS created, with 2026 rows and 8 columns.

NOTE: PROCEDURE SQL used (Total process time):
      real time           2:05.65
      user cpu time       30.61 seconds
      system cpu time     7.70 seconds
      memory              5649.90k
      OS Memory           36348.00k
      Timestamp           07/14/2026 10:58:51 AM
      Step Count                        394  Switch Count  0


NOTE: Table CODELIST.ALFUZOSIN_CODES created, with 12 rows and 12 columns.

NOTE: PROCEDURE SQL used (Total process time):
      real time           0.41 seconds
      user cpu time       0.00 seconds
      system cpu time     0.03 seconds
      memory              5494.32k
      OS Memory           36348.00k
      Timestamp           07/14/2026 10:58:52 AM
      Step Count                        395  Switch Count  0


NOTE: Table OUTPUT.ALFUZOSIN_DRUGS created, with 608719 rows and 8 columns.

NOTE: PROCEDURE SQL used (Total process time):
      real time           2:05.65
      user cpu time       27.50 seconds
      system cpu time     7.06 seconds
      memory              5649.90k
      OS Memory           36348.00k
      Timestamp           07/14/2026 11:00:57 AM
      Step Count                        396  Switch Count  0



NOTE: There were 5314077 observations read from the data set OUTPUT.TAMSULOSIN_DRUGS.
NOTE: There were 608719 observations read from the data set OUTPUT.ALFUZOSIN_DRUGS.
NOTE: There were 2869341 observations read from the data set OUTPUT.FINASTERIDE_MONO1_DRUGS.
NOTE: There were 2026 observations read from the data set OUTPUT.FINASTERIDE_MONO2_DRUGS.
NOTE: The data set WORK.APPENDED_DRUGS has 8794163 observations and 9 variables.
NOTE: DATA statement used (Total process time):
      real time           9.90 seconds
      user cpu time       0.75 seconds
      system cpu time     1.87 seconds
      memory              1412.40k
      OS Memory           31480.00k
      Timestamp           07/14/2026 11:01:07 AM
      Step Count                        397  Switch Count  0



NOTE: There were 8794163 observations read from the data set WORK.APPENDED_DRUGS.
NOTE: The data set OUTPUT.BPH_DRUGS has 8794163 observations and 10 variables.
NOTE: DATA statement used (Total process time):
      real time           21.27 seconds
      user cpu time       3.43 seconds
      system cpu time     4.10 seconds
      memory              662.53k
      OS Memory           31224.00k
      Timestamp           07/14/2026 11:01:28 AM
      Step Count                        398  Switch Count  0


NOTE: PROCEDURE SQL used (Total process time):
      real time           9.33 seconds
      user cpu time       1.26 seconds
      system cpu time     0.51 seconds
      memory              13107.32k
      OS Memory           44024.00k
      Timestamp           07/14/2026 11:01:38 AM
      Step Count                        399  Switch Count  0



NOTE: Input data set is already sorted, no sorting done.
NOTE: PROCEDURE SORT used (Total process time):
      real time           0.05 seconds
      user cpu time       0.01 seconds
      system cpu time     0.00 seconds
      memory              348.15k
      OS Memory           31224.00k
      Timestamp           07/14/2026 11:01:38 AM
      Step Count                        400  Switch Count  0



NOTE: There were 8794163 observations read from the data set OUTPUT.BPH_DRUGS.
NOTE: The data set OUTPUT.BPH_DRUGS has 8794163 observations and 10 variables.
NOTE: PROCEDURE SORT used (Total process time):
      real time           35.64 seconds
      user cpu time       8.12 seconds
      system cpu time     5.51 seconds
      memory              1053780.68k
      OS Memory           1084320.00k
      Timestamp           07/14/2026 11:02:13 AM
      Step Count                        401  Switch Count  0



NOTE: There were 139672 observations read from the data set CODELIST.COMMON_DOSAGES_AURUM_DEC2025.
NOTE: There were 8794163 observations read from the data set OUTPUT.BPH_DRUGS.
NOTE: The data set WORK.BPH_DOSAGES has 8794163 observations and 20 variables.
NOTE: DATA statement used (Total process time):
      real time           15.70 seconds
      user cpu time       1.71 seconds
      system cpu time     2.67 seconds
      memory              1062.09k
      OS Memory           31224.00k
      Timestamp           07/14/2026 11:02:29 AM
      Step Count                        402  Switch Count  0



NOTE: PROCEDURE UNIVARIATE used (Total process time):
      real time           6.82 seconds
      user cpu time       3.60 seconds
      system cpu time     1.40 seconds
      memory              528.98k
      OS Memory           31224.00k
      Timestamp           07/14/2026 11:02:36 AM
      Step Count                        403  Switch Count  0



NOTE: PROCEDURE UNIVARIATE used (Total process time):
      real time           5.46 seconds
      user cpu time       4.04 seconds
      system cpu time     1.31 seconds
      memory              528.84k
      OS Memory           31224.00k
      Timestamp           07/14/2026 11:02:42 AM
      Step Count                        404  Switch Count  0



NOTE: PROCEDURE UNIVARIATE used (Total process time):
      real time           5.27 seconds
      user cpu time       3.96 seconds
      system cpu time     1.23 seconds
      memory              688.32k
      OS Memory           31224.00k
      Timestamp           07/14/2026 11:02:47 AM
      Step Count                        405  Switch Count  0



NOTE: There were 8794163 observations read from the data set WORK.BPH_DOSAGES.
NOTE: The data set WORK.BPH_DOSAGES_MG has 8794163 observations and 21 variables.
NOTE: DATA statement used (Total process time):
      real time           41.62 seconds
      user cpu time       1.59 seconds
      system cpu time     3.78 seconds
      memory              654.50k
      OS Memory           31224.00k
      Timestamp           07/14/2026 11:03:28 AM
      Step Count                        406  Switch Count  0



NOTE: There were 8794163 observations read from the data set WORK.BPH_DOSAGES_MG.
NOTE: The data set WORK.BPH_TAM_CLEANING has 8794163 observations and 22 variables.
NOTE: DATA statement used (Total process time):
      real time           41.23 seconds
      user cpu time       1.20 seconds
      system cpu time     3.81 seconds
      memory              661.32k
      OS Memory           31224.00k
      Timestamp           07/14/2026 11:04:10 AM
      Step Count                        407  Switch Count  0



NOTE: PROCEDURE UNIVARIATE used (Total process time):
      real time           8.17 seconds
      user cpu time       4.87 seconds
      system cpu time     1.76 seconds
      memory              528.84k
      OS Memory           31224.00k
      Timestamp           07/14/2026 11:04:18 AM
      Step Count                        408  Switch Count  0


NOTE: Table WORK.BPH_TAM created, with 7440068 rows and 11 columns.

NOTE: PROCEDURE SQL used (Total process time):
      real time           21.65 seconds
      user cpu time       7.15 seconds
      system cpu time     4.62 seconds
      memory              1104148.81k
      OS Memory           1133448.00k
      Timestamp           07/14/2026 11:04:40 AM
      Step Count                        409  Switch Count  0


NOTE: PROCEDURE SQL used (Total process time):
      real time           1.95 seconds
      user cpu time       1.14 seconds
      system cpu time     0.32 seconds
      memory              10672.54k
      OS Memory           41208.00k
      Timestamp           07/14/2026 11:04:42 AM
      Step Count                        410  Switch Count  0


NOTE: Table WORK.PREVALENTUSERS created, with 33232 rows and 1 columns.

NOTE: PROCEDURE SQL used (Total process time):
      real time           7.67 seconds
      user cpu time       7.43 seconds
      system cpu time     0.26 seconds
      memory              21873.59k
      OS Memory           51332.00k
      Timestamp           07/14/2026 11:04:49 AM
      Step Count                        411  Switch Count  0


NOTE: PROCEDURE SQL used (Total process time):
      real time           0.05 seconds
      user cpu time       0.03 seconds
      system cpu time     0.01 seconds
      memory              5410.89k
      OS Memory           36348.00k
      Timestamp           07/14/2026 11:04:49 AM
      Step Count                        412  Switch Count  0


NOTE: Table OUTPUT.RX_BPH_POSTSTART created, with 3850660 rows and 11 columns.

NOTE: PROCEDURE SQL used (Total process time):
      real time           1:25.55
      user cpu time       57.14 seconds
      system cpu time     25.23 seconds
      memory              5667.07k
      OS Memory           36348.00k
      Timestamp           07/14/2026 11:06:15 AM
      Step Count                        413  Switch Count  0


NOTE: PROCEDURE SQL used (Total process time):
      real time           2.77 seconds
      user cpu time       0.50 seconds
      system cpu time     0.15 seconds
      memory              6932.89k
      OS Memory           36856.00k
      Timestamp           07/14/2026 11:06:18 AM
      Step Count                        414  Switch Count  0


NOTE: Table OUTPUT.BPHEARLIESTDATE created, with 67888 rows and 2 columns.

NOTE: PROCEDURE SQL used (Total process time):
      real time           0.85 seconds
      user cpu time       1.37 seconds
      system cpu time     0.39 seconds
      memory              257128.65k
      OS Memory           286864.00k
      Timestamp           07/14/2026 11:06:19 AM
      Step Count                        415  Switch Count  0


NOTE: Table OUTPUT.EARLIESTRXBPHALL created, with 73273 rows and 9 columns.

NOTE: PROCEDURE SQL used (Total process time):
      real time           3.86 seconds
      user cpu time       1.86 seconds
      system cpu time     1.15 seconds
      memory              516533.00k
      OS Memory           545836.00k
      Timestamp           07/14/2026 11:06:22 AM
      Step Count                        416  Switch Count  0


NOTE: PROCEDURE SQL used (Total process time):
      real time           0.10 seconds
      user cpu time       0.01 seconds
      system cpu time     0.00 seconds
      memory              6928.14k
      OS Memory           36856.00k
      Timestamp           07/14/2026 11:06:22 AM
      Step Count                        417  Switch Count  0


NOTE: Table WORK.EXCLUDEMULTI created, with 3642 rows and 1 columns.

NOTE: PROCEDURE SQL used (Total process time):
      real time           0.21 seconds
      user cpu time       0.15 seconds
      system cpu time     0.09 seconds
      memory              9355.48k
      OS Memory           39012.00k
      Timestamp           07/14/2026 11:06:23 AM
      Step Count                        418  Switch Count  0


NOTE: Table WORK.EARLIESTRXBPH_FILTERED created, with 65729 rows and 9 columns.

NOTE: PROCEDURE SQL used (Total process time):
      real time           0.04 seconds
      user cpu time       0.01 seconds
      system cpu time     0.01 seconds
      memory              5643.93k
      OS Memory           36348.00k
      Timestamp           07/14/2026 11:06:23 AM
      Step Count                        419  Switch Count  0


WARNING: This CREATE TABLE statement recursively references the target table. A consequence of
         this is a possible data integrity problem.
NOTE: Table WORK.EARLIESTRXBPH_FILTERED created, with 58314 rows and 9 columns.

NOTE: PROCEDURE SQL used (Total process time):
      real time           0.04 seconds
      user cpu time       0.00 seconds
      system cpu time     0.01 seconds
      memory              5416.85k
      OS Memory           36348.00k
      Timestamp           07/14/2026 11:06:23 AM
      Step Count                        420  Switch Count  0


NOTE: PROCEDURE SQL used (Total process time):
      real time           0.04 seconds
      user cpu time       0.03 seconds
      system cpu time     0.01 seconds
      memory              5948.89k
      OS Memory           36348.00k
      Timestamp           07/14/2026 11:06:23 AM
      Step Count                        421  Switch Count  0


NOTE: Table OUTPUT.BPHDRUGATC_4 created, with 3209884 rows and 11 columns.

NOTE: PROCEDURE SQL used (Total process time):
      real time           8.89 seconds
      user cpu time       2.18 seconds
      system cpu time     2.48 seconds
      memory              823341.89k
      OS Memory           852516.00k
      Timestamp           07/14/2026 11:06:32 AM
      Step Count                        422  Switch Count  0


1119
1120  proc datasets library = work kill nolist;
NOTE: Deleting WORK.APPENDED_DRUGS (memtype=DATA).
NOTE: Deleting WORK.BPH_DOSAGES (memtype=DATA).
NOTE: Deleting WORK.BPH_DOSAGES_MG (memtype=DATA).
NOTE: Deleting WORK.BPH_TAM (memtype=DATA).
NOTE: Deleting WORK.BPH_TAM_CLEANING (memtype=DATA).
NOTE: Deleting WORK.EARLIESTRXBPH_FILTERED (memtype=DATA).
NOTE: Deleting WORK.EXCLUDEMULTI (memtype=DATA).
NOTE: Deleting WORK.PREVALENTUSERS (memtype=DATA).
NOTE: Deleting WORK.SASMACR (memtype=CATALOG).
NOTE: File WORK.SASMACR (memtype=CATALOG) cannot be deleted because it is in use.
1121  run;

1122  quit;

NOTE: PROCEDURE DATASETS used (Total process time):
      real time           0.26 seconds
      user cpu time       0.00 seconds
      system cpu time     0.17 seconds
      memory              232.54k
      OS Memory           31224.00k
      Timestamp           07/14/2026 11:06:32 AM
      Step Count                        423  Switch Count  0


1123
1124
1125  data output.all_bph_episodes;
1126  set output.bphdrugatc_1
1127  output.bphdrugatc_2
1128  output.bphdrugatc_3
1129  output.bphdrugatc_4;
1130  run;

NOTE: There were 3489900 observations read from the data set OUTPUT.BPHDRUGATC_1.
NOTE: There were 3597661 observations read from the data set OUTPUT.BPHDRUGATC_2.
NOTE: There were 3457296 observations read from the data set OUTPUT.BPHDRUGATC_3.
NOTE: There were 3209884 observations read from the data set OUTPUT.BPHDRUGATC_4.
NOTE: The data set OUTPUT.ALL_BPH_EPISODES has 13754741 observations and 11 variables.
NOTE: DATA statement used (Total process time):
      real time           25.69 seconds
      user cpu time       0.96 seconds
      system cpu time     3.28 seconds
      memory              1412.71k
      OS Memory           31480.00k
      Timestamp           07/14/2026 11:06:58 AM
      Step Count                        424  Switch Count  0


